id,e_3_1,e_3_2,e_3_3,e_3_4,e_3_5,e_3_6,e_3_7,e_3_8,e_3_9,sf_4_1,sf_4_2,sf_4_3,sf_4_4,sf_4_5,sf_4_6,sp_4_7,sp_4_8,sp_4_9,sp_4_10,sp_4_11,sp_4_12,sp_4_13,sc_4_14,sc_4_15,sc_4_16,sc_4_17,sc_4_18,af_5_1,af_5_2,af_5_3,af_5_4,af_5_5,af_5_6,af_5_7,af_5_8,puntaje_total,nivel_sisco,texto_original,texto,n_palabras,fuente
1,0,0,0,0,0,0,0,0,0,0,0,0,0,0,0,0,0,0,0,0,0,0,0,0,0,0,0,0,0,0,0,0,0,0,0,0.0,bajo,En el momento el estrés es cosa irrelevante porque el motivo está en quererme graduar y salir con todo listo a fin de año ,en el momento el estrés es cosa irrelevante porque el motivo está en quererme graduar y salir con todo listo a fin de año,24,real
2,-1,3,1,0,1,0,3,2,3,1,0,2,2,3,3,3,3,3,2,3,3,3,3,3,3,-3,2,0,1,3,0,3,3,3,2,1.8857142857142857,alto,"Aunque ya terminé la carrera, al recordar mis semestres anteriores considero que matemáticas y física fueron materias que me generaron preocupación por la dificultad de algunos temas y la necesidad de practicar constantemente. En ese momento podía estresarme la acumulación de trabajos y evaluaciones. Para manejarlo, procuraba organizar mi tiempo, estudiar con anticipación, practicar ejercicios y buscar apoyo cuando no comprendía algún concepto",aunque ya terminé la carrera al recordar mis semestres anteriores considero que matemáticas y física fueron materias que me generaron preocuparación por la dificultad de algunos temas y la necesidad de practicar constantemente en ese momento podía estresarme la acumulación de trabajos y evaluaciones parara manejarlo procuraba organizar mi tiempo estudiar con anticiparación practicar ejercicios y buscar apoyo cuando no comprendía algún concepto,63,real
3,1,0,1,0,0,0,0,0,0,0,0,0,-3,0,0,0,0,0,0,0,0,0,0,0,0,0,0,0,0,0,0,0,0,0,0,-0.0285714285714285,bajo,No me preocupa nada solo es hacer las cosas bien y conoce a mis compañeros ,no me preocupara nada solo es hacer las cosas bien y conoce a mis comparañeros,15,real
4,0,1,2,1,3,1,2,3,1,0,1,0,0,1,2,1,1,1,1,1,1,2,1,1,1,2,2,1,0,1,0,1,1,0,1,1.0857142857142856,moderado,"Me siento emocionado, por qué es un semestre más que aprendo y otro más para acabar la carrera y por ahora no tengo preocupaciones ",me siento emocionado por qué es un semestre más que aprendo y otro más parara acabar la carrera y por ahora no tengo preocuparaciones,24,real
5,1,1,1,2,2,2,1,2,1,-1,0,-3,-3,-3,0,0,0,0,2,2,0,1,1,0,-1,0,-3,1,1,3,2,1,-3,-1,-2,0.2,bajo,"Me siento bien, contento, emocionado, por aprender cosas nuevas, los semestres anteriores fueron algo pesados en algunas materias pero eso me permite aprender como manejar mejor el tiempo y organizarme mejor para optimizar mis estudios ",me siento bien contento emocionado por aprender cosas nuevas los semestres anteriores fueron algo pesados en algunas materias pero eso me permite aprender como manejar mejor el tiempo y organizarme mejor parara optimizar mis estudios,35,real
6,0,1,0,-3,-1,0,2,1,0,-3,0,1,0,0,0,0,0,0,0,0,-2,-3,-3,-3,-3,-3,-3,-3,-3,-2,-1,-3,2,-3,-3,-1.0857142857142856,bajo,El tratar de mantener las materias del semestre lo más altas posibles ,el tratar de mantener las materias del semestre lo más altas posibles,12,real
7,0,-3,-3,-2,-3,-2,-3,-1,-2,-3,-3,-1,-3,-3,-3,-3,-3,-3,-3,-3,-3,-3,-3,-3,-3,-3,-3,-3,-1,0,-2,-3,-3,-3,-3,-2.5428571428571427,bajo,"Al comenzar este semestre me siento tranquilo y motivado. En semestres anteriores pocas veces me preocupó la cantidad de trabajos y evaluaciones, pero aprendí a organizar mejor mi tiempo. Creo que lo que más podría estresarme ahora sería la acumulación de actividades académicas, pero pienso manejarlo manteniendo una buena planificación, cumpliendo con mis responsabilidades a tiempo y conservando una actitud positiva durante el semestre",al comenzar este semestre me siento tranquilo y motivado en semestres anteriores pocas veces me preocupó la cantidad de trabajos y evaluaciones pero aprendí a organizar mejor mi tiempo creo que lo que más podría estresarme ahora sería la acumulación de actividades académicas pero pienso manejarlo manteniendo una buena planificación cumpliendo con mis responsabilidades a tiempo y conservando una actitud positiva durante el semestre,64,real
8,0,2,3,-2,3,1,2,0,2,1,2,3,0,3,1,1,1,3,0,0,-1,0,0,3,2,-2,3,0,0,0,1,2,-3,1,2,0.9714285714285714,moderado,El tema de los profesores ya que al no conocerlos no sabemos que tan exigentes son y pues me preocupa perder alguna materia ,el tema de los profesores ya que al no conocerlos no sabemos que tan exigentes son y pues me preocupara perder alguna materia,23,real
9,0,-1,-1,1,1,1,2,3,2,2,3,0,-2,-3,0,-2,1,-2,-1,-3,-2,1,-3,-1,-2,-3,-3,-3,3,3,3,0,0,2,2,-0.0571428571428571,bajo,Me siento bien para comenzar este semestre y me preocupa no poder con ciertos temas más que todo matemáticos porque no se me da bien y eso es lo que más podría estresarme y podría manejarlo tratando de trabajar más en esas falencias y practicar para entender mejor los temas ,me siento bien parara comenzar este semestre y me preocupara no poder con ciertos temas más que todo matemáticos porque no se me da bien y eso es lo que más podría estresarme y podría manejarlo tratando de trabajar más en esas falencias y practicar parara entender mejor los temas,50,real
10,0,2,2,-3,1,0,3,3,1,-3,1,-3,-3,2,0,1,2,3,1,2,2,1,0,1,2,-3,-3,0,0,1,-3,1,3,1,1,0.4571428571428571,bajo,Quizás la comprensión de algunas materias por lo complejas o confusas que son,quizás la comprensión de algunas materias por lo complejas o confusas que son,13,real
11,-3,1,1,1,1,-2,-2,-3,-2,-3,-2,-2,-3,-1,-2,-1,-2,-2,0,2,-2,0,1,-3,2,-2,1,-3,-3,3,3,3,2,2,-3,-0.6571428571428571,bajo,No cumplir con la carrera y la manejo esforzándome para poder seguir con la carrera ,no cumplir con la carrera y la manejo esforzándome parara poder seguir con la carrera,15,real
12,-1,1,2,0,2,2,3,0,3,1,2,2,0,3,3,2,1,3,2,2,2,3,3,1,2,-3,2,1,2,2,2,2,2,3,3,1.7142857142857142,alto,"Pues en los semestres anteriores presenté mucho estrés para las materias específicamente de matemáticas, debido a que algunos temas no eran claros y pues tuve que dedicar mucho más tiempo e investigar para poder entender cada tema.
Referente a este semestre estoy motivada y pues sé que debo organizar mejor el tiempo y dedicarle con más responsabilidad y disciplina a cada tema de cada materia.",pues en los semestres anteriores presenté mucho estrés parara las materias específicamente de matemáticas debido a que algunos temas no eran claros y pues tuve que dedicar mucho más tiempo e investigar parara poder entender cada tema referente a este semestre estoy motivada y pues sé que debo organizar mejor el tiempo y dedicarle con más responsabilidad y disciplina a cada tema de cada materia,65,real
13,0,0,-2,-2,-1,-1,1,1,0,-2,0,-2,-1,1,-1,-1,-1,-1,1,-1,1,-1,-1,-1,-1,-1,-1,1,-1,2,-1,1,1,1,1,-0.3428571428571428,bajo,"Me siento tranquila, un poco intrigada pero siempre con mentalidad abierta para todo, no hay nada académicamente que me afecte, más son problemas internos o sea personales, pero eso no es motivo de afección siempre he podido mejorarlo y lo importante es que están nuestros psicólogos bien en la fup o particular para manejar esa situación, también ayuda espiritual sana bastante, nos enfoca y sería bueno hacer ese tipo de invitaciones para todos.",me siento tranquila un poco intrigada pero siempre con mentalidad abierta parara todo no hay nada académicamente que me afecte más son problemas internos o sea personales pero eso no es motivo de afección siempre he podido mejorarlo y lo importante es que están nuestros psicólogos bien en la fup o pararticular parara manejar esa situación también ayuda espiritual sana bastante nos enfoca y sería bueno hacer ese tipo de invitaciones parara todos,73,real
14,3,3,3,1,3,1,2,1,3,1,3,2,3,3,3,3,3,3,0,2,2,3,2,3,3,-3,2,1,2,2,-2,0,3,3,0,1.9142857142857144,alto,Un animado por empezar una nueva etapa pero al mismo tiempo preocupado por lo que viene este semestre ,un animado por empezar una nueva etapara pero al mismo tiempo preocuparado por lo que viene este semestre,18,real
15,3,3,3,3,3,3,-3,3,3,3,3,3,3,1,3,0,-1,1,1,2,2,0,1,1,0,2,2,-1,0,1,-1,1,0,0,-1,1.3428571428571427,alto,Desanimado se acabó la guachafita ,desanimado se acabó la guachafita,5,real
16,2,2,2,2,3,2,3,-1,1,2,1,2,1,2,2,2,1,1,1,1,2,1,2,2,2,1,2,1,1,1,1,1,1,1,1,1.4857142857142858,alto,Notar que muchas veces crees que nunca llegarás al nivel de personas referentes en el tema de la carrera académica ,notar que muchas veces crees que nunca llegarás al nivel de personas referentes en el tema de la carrera académica,20,real
17,2,2,3,1,3,1,3,2,2,2,3,2,0,2,2,1,2,1,2,2,2,2,-1,1,1,-1,0,1,2,2,2,1,3,2,-2,1.5142857142857142,alto,Inicialmente tenia miedo de ingresar por que no sabia si iba a ser buena en la ingeniería pero al ya estar en 4 semestre he aprendido muchas cosas que me motivan a seguir.,inicialmente tenia miedo de ingresar por que no sabia si iba a ser buena en la ingeniería pero al ya estar en semestre he aprendido muchas cosas que me motivan a seguir,33,real
18,1,2,3,1,3,3,3,2,3,2,2,3,2,2,2,2,2,2,3,2,3,2,2,2,2,1,3,1,2,2,2,2,2,2,0,2.085714285714286,alto,Me siento mucho más cómodo que al principio pero sin embargo me angustia ciertas materias y como pueda llegar a rendir en ellas pero también me genera estrés la por no llegar a tener claro ideas y la incertidumbre de no llegar a ser un referente a la carrera .,me siento mucho más cómodo que al principio pero sin embargo me angustia ciertas materias y como pueda llegar a rendir en ellas pero también me genera estrés la por no llegar a tener claro ideas y la incertidumbre de no llegar a ser un referente a la carrera,50,real
19,1,1,1,0,-1,2,1,-3,-1,-3,-2,-3,-3,-2,1,0,-3,-1,1,1,1,-3,-1,-3,-3,-3,-3,0,3,3,3,1,-2,3,0,-0.4857142857142857,bajo,"Lo único que me preocupó fué comenzando la carrera que pasé una difícil situación la cuál casi me muero debido a un virus, porque caí en depresión por un corto tiempo y fué un poco difícil manejar eso y ya ahora en 4 semestre veo eso cómo motivación, y es un gran ejemplo para mi de resiliencia",lo único que me preocupó fué comenzando la carrera que parasé una difícil situación la cuál casi me muero debido a un virus porque caí en depresión por un corto tiempo y fué un poco difícil manejar eso y ya ahora en semestre veo eso cómo motivación y es un gran ejemplo parara mi de resiliencia,57,real
20,2,2,-3,-1,-3,1,-3,-3,-2,3,-1,-2,2,3,-2,-2,-1,-2,-3,-2,1,1,-1,1,-2,2,2,-1,2,2,2,2,3,1,2,0.0,bajo,"Lo que más me preocupa en este momento es que los semestres pasados no entendí lo suficiente como para empezar duro estos semestres que vienen…eso me preocupa, me da estrés mejor dicho de todo Jajajjaja",lo que más me preocupara en este momento es que los semestres parasados no entendí lo suficiente como parara empezar duro estos semestres que vienen eso me preocupara me da estrés mejor dicho de todo jajajjaja,35,real
21,1,1,2,0,3,1,2,0,3,1,1,1,1,2,2,2,1,3,1,1,2,2,1,1,0,0,2,-1,1,-2,0,-1,2,0,0,1.0285714285714285,moderado,"Me siento hasta el momento bien al inicio de este semestre, por otra parte siento que por más que estudie y dedique tiempo aveces suele faltarme, no es excusa pero el trabajar y estudiar te consume mucho tiempo, y hace que olvide cosas importantes como el pasar tiempo en familia.",me siento hasta el momento bien al inicio de este semestre por otra pararte siento que por más que estudie y dedique tiempo aveces suele faltarme no es excusa pero el trabajar y estudiar te consume mucho tiempo y hace que olvide cosas importantes como el parasar tiempo en familia,50,real
22,0,0,2,1,3,1,2,3,1,1,2,1,1,2,2,1,1,2,1,2,1,2,2,1,1,2,2,1,0,2,1,1,2,1,2,1.4285714285714286,alto,Me siento emocionada por empezar una nueva etapa por experiencias tengo que ser más responsable no dejarme llevar de los pensamientos o sentimientos y poder mejorar en todo,me siento emocionada por empezar una nueva etapara por experiencias tengo que ser más responsable no dejarme llevar de los pensamientos o sentimientos y poder mejorar en todo,28,real
23,0,0,2,1,1,1,2,0,3,0,0,0,1,2,1,0,0,1,3,2,1,0,0,0,0,0,1,-3,2,3,3,1,0,3,2,0.9428571428571428,moderado,"Hola, Bueno pues la vrd tengo ánimos por obtener un excelente resultado en este semestre, me preocupa quedarme sin tiempo para hacer las entregas que requieren trabajos a corto plazo y planeo organizar mejor mi rutina. . . . . . ",hola bueno pues la vrd tengo ánimos por obtener un excelente resultado en este semestre me preocupara quedarme sin tiempo parara hacer las entregas que requieren trabajos a corto plazo y planeo organizar mejor mi rutina,41,real
24,0,0,0,0,0,0,0,0,0,0,0,0,0,0,0,0,0,0,-3,0,0,0,0,0,0,0,0,0,0,0,0,0,0,0,0,-0.0857142857142857,bajo,Me preocupan son los parciales y los quiz ,me preocuparan son los pararciales y los quiz,8,real
25,0,0,0,0,0,0,0,0,0,0,1,0,0,0,1,1,0,0,0,0,0,0,0,0,1,0,1,0,2,1,2,1,1,2,1,0.4285714285714285,bajo,Emocionado; como el primer momento ya que tengo un propósito muy claro por el cual desarrollar una hoja de ruta para hacer efectivo un proceso académico exitoso y futuros proyectos.,emocionado como el primer momento ya que tengo un propósito muy claro por el cual desarrollar una hoja de ruta parara hacer efectivo un proceso académico exitoso y futuros proyectos,30,real
26,2,2,0,-1,-1,-2,2,-2,2,3,2,1,3,2,2,2,2,3,3,3,2,-1,-2,-2,1,2,3,1,-2,1,1,3,-2,0,1,0.9714285714285714,moderado,"Un poco cansado, aunque tengo algunos problemas de sueño creo que puedo intentar corregirlo, sin embargo debo de mejorar en aspectos sociales y contextos de conversación ya que en eso fallo demasiado",un poco cansado aunque tengo algunos problemas de sueño creo que puedo intentar corregirlo sin embargo debo de mejorar en aspectos sociales y contextos de conversación ya que en eso fallo demasiado,32,real
27,-3,3,3,-3,3,3,2,0,3,3,3,3,1,3,2,1,0,1,1,2,1,1,1,0,1,0,3,0,0,3,0,3,1,1,-3,1.2285714285714286,moderado,"Me siento motivado aunque un poco nervioso antes me preocupaba las calificaciones y organizar mi tiempo hora podría estresarme por trabajos y exámenes manejaré todo planificado, estudiando y descansando ",me siento motivado aunque un poco nervioso antes me preocuparaba las calificaciones y organizar mi tiempo hora podría estresarme por trabajos y exámenes manejaré todo planificado estudiando y descansando,29,real
28,1,1,2,-1,3,1,3,1,0,0,0,3,0,2,1,1,2,2,0,2,3,1,2,1,1,2,3,-1,1,2,3,3,3,0,3,1.457142857142857,alto,"Me siento un poco ansiosa pero a la vez más tranquila PQ ya se que ritmo debo llevar además, se que técnicas debo hacer para mejorar mi estrés, reducir los dolores de cabeza pero también se q cada semestre que pasa es un paso más cerca hacia la meta de graduarme ",me siento un poco ansiosa pero a la vez más tranquila porque ya se que ritmo debo llevar además se que técnicas debo hacer parara mejorar mi estrés reducir los dolores de cabeza pero también se q cada semestre que parasa es un paraso más cerca hacia la meta de graduarme,51,real
29,0,0,-1,2,0,0,0,-3,-3,-3,-3,-2,-3,-3,-3,-3,-3,-2,1,-3,1,-3,-3,-3,3,-3,-3,0,2,2,3,-3,-3,-3,3,-1.2,bajo,Al iniciar un nuevo semestre lo siento como nuevas experiencias por vivir pero a la ves siento que vuelve la rutina no me estresa porque es algo normal el iniciar y finalizar un semestre además si llego a estresarme tengo personas que me ayudan ya que muchas veces mi estrés no es provocado por po académico sino por sentir aburrimiento extremo en clases y perder esa motivacion por el estudio por la poca exigencia ,al iniciar un nuevo semestre lo siento como nuevas experiencias por vivir pero a la ves siento que vuelve la rutina no me estresa porque es algo normal el iniciar y finalizar un semestre además si llego a estresarme tengo personas que me ayudan ya que muchas veces mi estrés no es provocado por po académico sino por sentir aburrimiento extremo en clases y perder esa motivacion por el estudio por la poca exigencia,74,real
30,0,0,1,1,1,1,2,1,2,0,0,0,0,0,2,1,2,1,1,1,1,1,1,1,1,1,0,0,2,1,1,1,0,0,1,0.8285714285714286,moderado,"Tengo que preocuparme más por mis materias y el desarrollo de las actividades, así no quedarme habilitando y me ahorro ese dolor de cabeza de estudiar lo de un semestre en un solo fin de semana ",tengo que preocupararme más por mis materias y el desarrollo de las actividades así no quedarme habilitando y me ahorro ese dolor de cabeza de estudiar lo de un semestre en un solo fin de semana,36,real
31,0,0,0,0,0,1,-2,2,0,0,1,-3,0,-1,-2,1,0,0,0,1,0,0,0,0,0,0,0,0,0,0,0,0,-1,-1,1,-0.0857142857142857,bajo,"me siento muy bien, cada semestre es una experiencia nueva por vivir
",me siento muy bien cada semestre es una experiencia nueva por vivir,12,real
32,-3,2,3,0,3,2,3,0,1,3,3,1,-1,0,3,-1,2,0,1,2,2,0,2,1,1,3,0,3,0,3,0,2,-1,3,0,1.2285714285714286,moderado,"Al principio sentía nervios por que es inicio de semestre, ya luego con el tiempo, conocer amigos y demás, mucho mejor. Actualmente me siento bien!",al principio sentía nervios por que es inicio de semestre ya luego con el tiempo conocer amigos y demás mucho mejor actualmente me siento bien,25,real
33,0,3,2,0,1,0,3,2,0,1,0,2,3,0,0,0,0,0,0,0,0,0,0,0,0,0,2,2,0,3,3,0,3,3,0,0.9428571428571428,moderado,Con tranquilidad Y Todo los días buscar soluciones🌞,con tranquilidad y todo los días buscar soluciones,8,real
34,-3,3,3,0,2,0,2,0,3,-3,1,1,-3,-2,0,2,3,1,0,2,3,2,0,-3,2,-2,-3,2,3,2,1,0,-3,1,-3,0.4,bajo,"Incierto, no se por donde comenzar cual es el siguiente paso a seguir para poder aprobar objetivos. Necesito replantear un nuevo orden.",incierto no se por donde comenzar cual es el siguiente paraso a seguir parara poder aprobar objetivos necesito replantear un nuevo orden,22,real
35,1,2,2,0,1,0,2,1,2,0,1,0,0,0,1,0,1,0,1,0,1,0,0,0,1,0,2,3,2,3,2,2,3,2,0,1.0285714285714285,moderado,"Para este semestre me siento motivado, pero me preocupan las entregas de trabajos a tiempo y me genera mucho estres la semana de parciales, pero pienso manejarlo con nuevos métodos de estudios y sin dejarle un mínimo espacio a la proclastinidad.",parara este semestre me siento motivado pero me preocuparan las entregas de trabajos a tiempo y me genera mucho estres la semana de pararciales pero pienso manejarlo con nuevos métodos de estudios y sin dejarle un mínimo esparacio a la proclastinidad,41,real
36,2,2,1,2,3,0,3,3,3,0,2,3,1,3,3,3,2,3,2,1,2,-1,1,3,3,3,2,2,-2,1,3,2,2,-1,-1,1.7428571428571429,alto,"Iniciando que es el 2 semestre de especialización me siento cómodo pero frustrado de no dar o poder realizar con éxito lo que se pide para poder graduarme, ya sea por estrés, ansiedad, cansancio mental y psicológico; sin embargo, espero que este semestre sea lo más gratificante y beneficioso para mí a pesar de como sean las circunstancias, aún así preferiría que cada estudiante tenga todo claro en su vida personal y sus prioridades, para poder dar un mejor resultado en cuanto al desarrollo de lo esperado y visto en las aulas de clase. La salud mental abarca gran parte de como nos desarrollemos como persona y como enfrentar adversidades en el tiempo presente y futuro. ",iniciando que es el semestre de especialización me siento cómodo pero frustrado de no dar o poder realizar con éxito lo que se pide parara poder graduarme ya sea por estrés ansiedad cansancio mental y psicológico sin embargo espero que este semestre sea lo más gratificante y beneficioso parara mí a pesar de como sean las circunstancias aún así preferiría que cada estudiante tenga todo claro en su vida personal y sus prioridades parara poder dar un mejor resultado en cuanto al desarrollo de lo esperado y visto en las aulas de clase la salud mental abarca gran pararte de como nos desarrollemos como persona y como enfrentar adversidades en el tiempo presente y futuro,116,real
37,1,2,1,1,1,0,1,0,0,0,0,0,0,0,1,0,0,0,0,0,0,0,0,0,0,0,0,0,0,0,0,0,0,0,0,0.2285714285714285,bajo,"Bien, “me preocupa” el proyecto al final de la carrera quizá maneje algo de estrés por no saber por dónde empezar o qué hacer",bien me preocupara el proyecto al final de la carrera quizá maneje algo de estrés por no saber por dónde empezar o qué hacer,24,real
38,-3,-1,0,-3,2,2,0,0,0,-3,3,-3,-3,0,3,0,0,0,3,0,0,0,0,0,1,0,-3,0,0,3,3,0,-3,0,0,-0.0571428571428571,bajo,"Me siento entusiasmado, aunque con retos por delante. Anteriormente me preocupaba la adaptación a las materias; ahora me estresa la carga de tareas finales. Manejaré esto organizando mi tiempo con un horario semanal rígido y priorizando mis actividades diarias sin saturarme",me siento entusiasmado aunque con retos por delante anteriormente me preocuparaba la adaptación a las materias ahora me estresa la carga de tareas finales manejaré esto organizando mi tiempo con un horario semanal rígido y priorizando mis actividades diarias sin saturarme,41,real
39,-3,0,3,-3,3,0,2,-3,3,0,3,1,2,1,1,1,2,1,3,2,0,1,2,2,3,3,1,0,0,0,0,1,3,2,2,1.1142857142857143,moderado,Me siento muy bien ya que apenas va iniciando el semestre ,me siento muy bien ya que apenas va iniciando el semestre,11,real
40,0,3,3,3,3,3,3,3,3,3,3,3,3,3,3,3,3,3,3,3,3,3,3,3,3,3,3,3,3,3,3,3,3,3,3,2.914285714285714,alto,"No creo que nada 
Miedos como todos pero se pueden mejorar ",no creo que nada miedos como todos pero se pueden mejorar,11,real
41,0,0,3,3,3,3,2,-3,3,0,1,3,0,3,3,0,0,0,3,2,3,3,0,0,3,3,0,0,0,3,3,3,0,0,0,1.4285714285714286,alto,"Bien, no tengo preocupaciones hasta ahora y si las tuviera vería la manera de solucionarlas o buscar ayuda para poder solucionarlas ",bien no tengo preocuparaciones hasta ahora y si las tuviera vería la manera de solucionarlas o buscar ayuda parara poder solucionarlas,21,real
42,0,2,1,-1,2,1,-1,2,-1,-2,-1,-2,-1,1,-1,-2,-2,-2,-1,-3,-1,0,0,0,0,0,0,0,0,0,0,0,0,0,-1,-0.3714285714285714,bajo,"Me preocupaba el no saber como entender algunas cosas, pero a medida que paso el tiempo supe ayudarme con herramientas para asi entender mejor",me preocuparaba el no saber como entender algunas cosas pero a medida que paraso el tiempo supe ayudarme con herramientas parara asi entender mejor,24,real
43,2,2,2,0,2,1,2,3,2,0,2,3,2,0,3,1,3,0,2,3,1,1,1,2,1,-3,0,1,2,3,1,1,2,2,2,1.4857142857142858,alto,"Me preocupaba que las materias fueran más difíciles lo que es más probable, me podría estresar que como he avanzado otro semestre estoy más cerca de salir y enfrentar realmente el mundo laboral con l que haya aprendido y pues considero no es demasiado, lo intentaré manejar con calma, optimismo e intentando buscar diferentes formas para solucionar cualquier problema ",me preocuparaba que las materias fueran más difíciles lo que es más probable me podría estresar que como he avanzado otro semestre estoy más cerca de salir y enfrentar realmente el mundo laboral con l que haya aprendido y pues considero no es demasiado lo intentaré manejar con calma optimismo e intentando buscar diferentes formas parara solucionar cualquier problema,59,real
44,0,1,2,1,2,0,2,0,-2,-2,1,3,0,1,1,1,2,3,3,0,2,2,2,2,0,3,3,2,3,2,3,3,3,3,2,1.542857142857143,alto,Mi estado financiero ,mi estado financiero,3,real
45,0,0,0,2,1,-3,1,2,-3,-3,-3,-3,-3,-3,0,-3,-3,-3,1,0,1,-3,-3,-3,-3,-3,-3,0,0,3,1,-3,0,-3,-3,-1.2857142857142858,bajo,Estoy motivado gracias a que el temario me parece bastante interesante,estoy motivado gracias a que el temario me pararece bastante interesante,11,real
46,0,2,3,1,3,1,2,3,2,-2,1,2,0,2,3,1,1,1,1,2,2,1,0,2,1,1,1,0,0,1,3,1,3,3,0,1.3714285714285714,alto,"Me siento muy contento y motivado, quiero seguir aprendiendo muchas cosas que me servirán para mí futuro, a veces me preocupa la cantidad de trabajos y proyectos que se vienen este semestre, pero pienso afrontarlo con la mayor disciplina y responsabilidad posible ",me siento muy contento y motivado quiero seguir aprendiendo muchas cosas que me servirán parara mí futuro a veces me preocupara la cantidad de trabajos y proyectos que se vienen este semestre pero pienso afrontarlo con la mayor disciplina y responsabilidad posible,42,real
47,1,1,3,1,3,1,1,1,1,0,1,2,0,2,3,1,-3,0,2,3,2,0,0,0,2,0,0,1,1,1,3,2,1,2,0,1.1142857142857143,moderado,Pues en este momento e ido muy bien y pues lo que más me preocupa es que tengo que realizar el proyecto de grado y pues no tengo las cosas claras y tengo esa presión ,pues en este momento e ido muy bien y pues lo que más me preocupara es que tengo que realizar el proyecto de grado y pues no tengo las cosas claras y tengo esa presión,35,real
48,0,0,2,2,2,0,1,-3,1,-3,2,-3,-3,-3,3,1,-2,0,2,-2,1,1,0,0,2,1,-2,3,1,3,3,3,-3,1,1,0.3428571428571428,bajo,"Con el comienzo del nuevo semestre, podrían llegar a preocuparme materias como inteligencia artificial, ya que crear código con derivaciones para generar gráficas no es lo mío",con el comienzo del nuevo semestre podrían llegar a preocupararme materias como inteligencia artificial ya que crear código con derivaciones parara generar gráficas no es lo mío,27,real
49,0,2,3,-1,3,2,1,1,1,1,2,-1,3,0,3,1,3,3,-3,3,1,0,0,0,0,3,2,1,1,1,3,1,1,1,2,1.2571428571428571,alto,"Al comenzar este semestre me siento motivado, aunque consciente de los retos. En periodos anteriores me preocupaba mucho no organizar bien mi tiempo entre tareas y exámenes. Este semestre me estresa la carga académica y mantener un buen rendimiento en las materias más difíciles.",al comenzar este semestre me siento motivado aunque consciente de los retos en periodos anteriores me preocuparaba mucho no organizar bien mi tiempo entre tareas y exámenes este semestre me estresa la carga académica y mantener un buen rendimiento en las materias más difíciles,44,real
50,-3,1,1,3,0,-1,1,-3,2,0,1,1,-3,-3,-2,0,-2,1,-2,-3,2,1,1,0,2,2,-3,0,2,2,3,2,2,2,-2,0.1428571428571428,bajo,"Me siento bien, me preocupa que en semestres anteriores tal vez no vemos lo que debíamos haber visto, esto genera una extra carga de búsqueda y falta de práctica que debimos tener. Toca tomas más tiempo para buscar y reforzar conceptos o hasta aprenderé cosas que ya debía saber ",me siento bien me preocupara que en semestres anteriores tal vez no vemos lo que debíamos haber visto esto genera una extra carga de búsqueda y falta de práctica que debimos tener toca tomas más tiempo parara buscar y reforzar conceptos o hasta aprenderé cosas que ya debía saber,49,real
51,-2,0,0,-2,-2,-2,-3,1,0,-1,-2,2,1,1,1,2,1,1,-2,2,2,2,0,0,2,-1,1,1,1,2,0,-1,1,-3,2,0.1428571428571428,bajo,Me estresan los números ,me estresan los números,4,real
52,0,3,3,1,2,2,3,2,3,1,2,0,0,3,3,2,2,1,3,1,3,2,1,2,3,0,1,2,2,0,-1,1,0,2,1,1.6,alto,Cuando entro a un nuevo semestre siempre me estresa volver a la rutina y también me preocupa como serán los horarios y que tan difíciles serán las materias,cuando entro a un nuevo semestre siempre me estresa volver a la rutina y también me preocupara como serán los horarios y que tan difíciles serán las materias,28,real
53,0,1,2,0,1,0,1,3,2,1,2,3,2,3,2,2,2,2,2,3,2,1,1,0,2,1,2,0,1,1,0,2,0,2,2,1.457142857142857,alto,"Al comenzar este nuevo semestre me siento con una mezcla de emociones y expectativa, aunque también con un poco de inquietud por los retos académicos que se estan por llegar en lo que queda del semestre.",al comenzar este nuevo semestre me siento con una mezcla de emociones y expectativa aunque también con un poco de inquietud por los retos académicos que se estan por llegar en lo que queda del semestre,36,real
54,1,1,2,0,0,1,0,0,0,0,1,0,0,0,0,1,0,1,0,0,0,0,0,0,1,0,0,0,0,0,0,0,0,0,0,0.2571428571428571,bajo,"Los trabajos, los exámenes y tareas ",los trabajos los exámenes y tareas,6,real
55,2,3,3,1,2,2,3,2,3,3,3,2,1,2,3,2,1,3,2,3,3,3,2,2,3,3,1,-1,0,-3,0,-3,0,-1,-3,1.4857142857142858,alto,Al iniciar este semestre me he sentido más abrumada al ver que hay materias que van subiendo de dificultad ,al iniciar este semestre me he sentido más abrumada al ver que hay materias que van subiendo de dificultad,19,real
56,2,3,2,2,2,2,2,3,3,2,3,2,3,2,3,2,2,2,2,3,2,2,2,2,2,1,3,2,2,2,2,2,3,3,2,2.257142857142857,alto,Que me pongan mucho trabajo y no pueda alimentarme bn y ni comer bn,que me pongan mucho trabajo y no pueda alimentarme bien y ni comer bien,14,real
57,3,0,2,-3,2,-1,2,0,2,-3,1,3,-3,-3,3,0,2,3,-3,0,0,0,0,0,0,2,3,-3,2,-3,3,3,3,3,-3,0.4857142857142857,moderado,"Teniendo en cuenta los anteriores, me podrían estresar proyectos y laboratorios grandes y para mejorar, tener un mejor orden y demás ",teniendo en cuenta los anteriores me podrían estresar proyectos y laboratorios grandes y parara mejorar tener un mejor orden y demás,21,real
58,-3,2,2,3,3,2,3,2,3,0,2,0,0,2,1,2,0,1,1,1,2,1,1,1,2,2,0,0,0,3,2,3,1,0,0,1.2857142857142858,alto,Me preocupa la falta de tiempo que tengo para la realizacion de trabajos ya que trabajo y estudio y a veces dejan mucho trabajo s,me preocupara la falta de tiempo que tengo parara la realizacion de trabajos ya que trabajo y estudio y a veces dejan mucho trabajo s,25,real
59,1,1,1,0,1,1,1,0,2,0,0,1,0,0,3,1,0,0,1,0,1,0,0,0,0,0,0,0,1,1,0,0,-3,1,-3,0.3428571428571428,bajo,"Me he sentido cómodo academicamente, puesto a los buenos docentes y compañeros que se han hecho al transcurso de la carrera",me he sentido cómodo academicamente puesto a los buenos docentes y comparañeros que se han hecho al transcurso de la carrera,21,real
60,-2,-1,-2,1,2,-2,3,0,1,2,1,-3,-3,-1,-1,-1,-2,2,1,-3,-2,-2,-3,-3,2,0,-3,-2,-1,0,-1,1,0,1,0,-0.6,bajo,Motivado y con ganas de lograr todos mis objetivos ,motivado y con ganas de lograr todos mis objetivos,9,real
61,2,2,3,3,3,2,3,2,3,2,2,2,1,2,2,2,3,3,2,2,2,2,2,2,2,2,2,2,2,1,2,2,3,2,2,2.171428571428572,alto,Los muchos trabajos y porque no entiendo una materia y eso me preocupa ,los muchos trabajos y porque no entiendo una materia y eso me preocupara,13,real
62,1,2,1,0,1,0,2,3,0,0,0,1,0,1,0,1,3,1,0,-3,-1,0,1,-1,2,-3,-1,-2,1,2,1,1,-3,3,-3,0.3142857142857143,bajo,"Me he sentido normal voy aprendiendo poco a poco, pensaba que la universidad era difícil pero ahora que la voy conociendo voy aprendiendo ",me he sentido normal voy aprendiendo poco a poco pensaba que la universidad era difícil pero ahora que la voy conociendo voy aprendiendo,23,real
63,3,-3,0,0,1,2,2,-3,1,3,2,-3,-3,-3,3,-3,-3,-3,-3,-3,-2,2,3,-3,-1,3,2,0,3,1,3,-3,-3,0,-3,-0.3142857142857143,bajo,"Al iniciar el semestre académico, la mayor preocupación sinceramente es el horario. Actualmente no me preocupa nada más. ",al iniciar el semestre académico la mayor preocuparación sinceramente es el horario actualmente no me preocupara nada más,18,real
64,3,3,3,1,3,3,3,2,1,2,3,2,0,1,2,3,1,3,1,3,2,2,1,2,3,0,0,0,1,3,1,3,0,3,0,1.8285714285714283,alto,Me preocupa perder materias y eso me estresaria ,me preocupara perder materias y eso me estresaria,8,real
65,0,2,2,-3,-2,-1,0,-2,0,-3,-1,-2,-3,-3,0,0,-2,-1,-2,-3,-1,-1,-2,-2,0,0,-2,2,0,3,-1,1,-2,0,2,-0.7714285714285715,bajo,El tiempo de aprendizaje antes de comenzar parciales ,el tiempo de aprendizaje antes de comenzar pararciales,8,real
66,3,3,3,2,2,1,3,-3,-1,2,2,3,3,3,3,3,2,3,1,2,2,2,2,0,2,2,2,2,0,-3,1,-1,-1,0,0,1.4285714285714286,alto,Preocupación por diferentes materias ,preocuparación por diferentes materias,4,real
67,-1,-3,3,0,2,1,1,-3,1,2,2,2,-2,0,-1,1,1,2,1,-1,2,0,2,3,3,-2,0,1,-1,1,0,2,-2,0,2,0.5428571428571428,moderado,Preocuparme que veo mucha matematicas y es lo último entonces no poder pasar estresa,preocupararme que veo mucha matematicas y es lo último entonces no poder parasar estresa,14,real
68,0,0,-3,-1,-3,-2,-2,-2,0,0,0,0,0,0,0,0,-2,0,0,0,0,0,0,0,0,0,0,0,0,0,0,0,0,0,0,-0.4285714285714285,bajo,Lo podría mejorar dejando cualquier situación atrás como la recocha y la vagancia ,lo podría mejorar dejando cualquier situación atrás como la recocha y la vagancia,13,real
69,-3,-1,-1,1,-1,-1,-3,0,3,0,3,3,3,2,1,2,1,1,1,2,2,1,1,2,0,-3,-3,3,0,3,3,3,3,3,0,0.8857142857142857,moderado,Me estresa a veces no comprender los temas en clase ,me estresa a veces no comprender los temas en clase,10,real
70,-3,2,3,1,2,1,1,0,1,-3,2,2,-1,1,3,1,2,2,-1,2,3,0,2,0,1,2,-3,-2,-3,2,1,2,-3,1,0,0.6,moderado,Preocupación por terminarlo rápido y de la mejor manera ya que no me acuerdo de nada del semestre pasado ,preocuparación por terminarlo rápido y de la mejor manera ya que no me acuerdo de nada del semestre parasado,19,real
71,0,-1,-3,0,-3,-1,-1,-3,-1,0,-1,-1,0,-3,-1,-3,0,-3,3,0,-3,0,-1,0,-2,-1,0,0,-1,0,0,-2,-3,0,0,-1.0,bajo,Me siento bn ,me siento bien,3,real
72,-3,2,0,0,3,0,2,2,-2,-2,-3,0,-3,-3,3,0,0,3,3,3,2,3,3,2,2,2,3,-3,-3,3,0,3,-2,0,2,0.6285714285714286,moderado,"Al comenzar este semestre me siento con un poco de preocupación, principalmente por la carga académica y el rendimiento. Antes me estresaba mucho sentir que no podía cumplir con todo a tiempo. Creo que ahora podría estresarme por los trabajos, exámenes y responsabilidades, pero quiero organizar mejor mi tiempo, establecer prioridades y mantener la calma para afrontar las situaciones de una mejor manera.",al comenzar este semestre me siento con un poco de preocuparación principaralmente por la carga académica y el rendimiento antes me estresaba mucho sentir que no podía cumplir con todo a tiempo creo que ahora podría estresarme por los trabajos exámenes y responsabilidades pero quiero organizar mejor mi tiempo establecer prioridades y mantener la calma parara afrontar las situaciones de una mejor manera,63,real
73,1,3,3,0,3,2,3,0,3,2,3,2,2,2,2,2,0,2,1,2,2,1,1,1,2,1,1,2,0,2,1,2,3,1,1,1.6857142857142855,alto,"Hasta el momento me siento bien y tranquila, más adelante ya viene la presión y el estrés académico ",hasta el momento me siento bien y tranquila más adelante ya viene la presión y el estrés académico,18,real
74,3,3,3,0,3,0,2,2,3,1,3,2,2,1,2,3,3,3,2,3,2,2,-3,-2,3,2,3,2,2,3,-2,1,-3,3,3,1.7142857142857142,alto,"Al comenzar este nuevo semestre, mi principal preocupación es el olvido o la falta de retención clara de los temas vistos anteriormente. Asimismo, me genera cierta incertidumbre adaptarme a las diferentes metodologías y estilos de enseñanza de los nuevos profesores, ya que algunos son muy didácticos mientras que con otros el aprendizaje puede ser más complejo. Para manejar estas situaciones, pienso implementar repasos constantes de las bases académicas y mantener una comunicación abierta y participativa en clase para resolver cualquier duda a tiempo.",al comenzar este nuevo semestre mi principaral preocuparación es el olvido o la falta de retención clara de los temas vistos anteriormente asimismo me genera cierta incertidumbre adaptarme a las diferentes metodologías y estilos de enseñanza de los nuevos profesores ya que algunos son muy didácticos mientras que con otros el aprendizaje puede ser más complejo parara manejar estas situaciones pienso implementar reparasos constantes de las bases académicas y mantener una comunicación abierta y pararticiparativa en clase parara resolver cualquier duda a tiempo,83,real
75,1,3,3,0,3,2,3,3,3,2,2,3,0,1,3,3,3,3,3,3,2,3,3,3,3,3,3,3,3,3,3,3,3,3,3,2.6,alto,Me he sentido un poco tranquila pero porque apenas estamos iniciando ,me he sentido un poco tranquila pero porque apenas estamos iniciando,11,real
76,2,3,2,2,2,1,3,2,1,1,2,2,2,2,2,1,2,3,3,2,2,2,3,3,2,2,2,2,2,3,3,3,2,3,3,2.2,alto,La exigencia y también la manera de enseñar de muchos profesores q no es muy adecuada ,la exigencia y también la manera de enseñar de muchos profesores q no es muy adecuada,16,real
77,0,2,3,2,3,2,1,1,-1,0,0,1,1,0,1,1,2,2,1,-1,0,-1,-1,-1,-1,3,3,2,0,1,0,0,1,1,1,0.8285714285714286,moderado,Me siento de manera neutral por que  no llevo ni 2 semanas en la universidad gracias por el formulario,me siento de manera neutral por que no llevo ni semanas en la universidad gracias por el formulario,19,real
78,0,1,2,0,3,3,2,0,2,1,1,1,-1,-3,3,0,2,0,0,1,1,1,1,0,1,2,3,0,3,3,3,2,2,3,3,1.3142857142857145,alto,Me encuentro en este momento alegro por qué es un nuevo ciclo escolar y con nuevas metas y nuevos conocimientos ,me encuentro en este momento alegro por qué es un nuevo ciclo escolar y con nuevas metas y nuevos conocimientos,20,real
79,0,1,1,-1,1,1,-1,-1,0,-1,0,1,0,0,0,-3,0,-2,0,1,1,0,-3,0,-2,0,-2,0,2,3,0,0,0,2,1,-0.0285714285714285,bajo,Con todo lo convivido en los semestres eh priorizado manejar el tiempo para los trabajos y mantener la motivacion positiva,con todo lo convivido en los semestres eh priorizado manejar el tiempo parara los trabajos y mantener la motivacion positiva,20,real
80,0,2,2,1,2,1,3,3,3,-3,3,0,0,1,2,2,2,2,3,3,3,2,0,0,2,1,2,2,2,3,2,3,0,2,3,1.6857142857142855,alto,"En cada semestre la única preocupación que he tenido es no alcanzar a reunir para continuar con la carrera. De resto el estrés del momento por los trabajos o los parciales, pero es algo del momento que poco a poco se logra mejorar. Y lo manejo con el apoyo de mis compañeros ya que somos un grupo unido y entre todos nos ayudamos. ",en cada semestre la única preocuparación que he tenido es no alcanzar a reunir parara continuar con la carrera de resto el estrés del momento por los trabajos o los pararciales pero es algo del momento que poco a poco se logra mejorar y lo manejo con el apoyo de mis comparañeros ya que somos un grupo unido y entre todos nos ayudamos,63,real
81,3,3,3,1,3,3,0,2,3,0,3,2,3,3,3,3,3,3,2,3,1,3,3,3,3,3,2,-2,3,0,-2,-3,3,2,3,2.0285714285714285,alto,"Estresada, ansiosa, expectativas ",estresada ansiosa expectativas,3,real
82,0,0,2,0,1,0,0,-1,1,-2,1,-2,-2,0,-1,-1,-1,-1,0,0,-2,0,-2,0,0,-2,0,3,-1,3,2,3,1,2,-3,-0.0571428571428571,bajo,"Actualmente me siento preocupado por estar solo en mi ejercicio académico, vivir solo y necesitar de alguien quien me apoye constantemente, ya que para mí es necesario tener quien te ayude y con quien poder expresarte con respecto a lo que sientes y lo que te genere estrés ",actualmente me siento preocuparado por estar solo en mi ejercicio académico vivir solo y necesitar de alguien quien me apoye constantemente ya que parara mí es necesario tener quien te ayude y con quien poder expresarte con respecto a lo que sientes y lo que te genere estrés,48,real
83,0,2,2,0,2,2,2,2,2,3,3,2,0,3,2,2,1,2,0,2,2,2,2,3,3,1,3,3,2,2,2,2,0,1,2,1.8285714285714283,alto,Mantener el promedio y trabajo de grado y trabajar al mismo tiempo me siento presionado ,mantener el promedio y trabajo de grado y trabajar al mismo tiempo me siento presionado,15,real
84,0,2,2,1,2,2,2,1,3,1,2,1,0,0,1,1,1,1,1,1,2,1,0,1,1,0,0,3,2,1,3,1,1,2,0,1.2285714285714286,moderado,"Se siente bien ya que se llega renovado para aprender cosas nuevas, lo que podría estresarme es no lograr los objetivos académicos y sacar buenos proyectos, las pienso manejar con más tranquilidad y disposición para hacer estudio adicional. Sugiero especificar bien para que o que nivel tienen los números (-3,-2,-1,0,1,2,3)",se siente bien ya que se llega renovado parara aprender cosas nuevas lo que podría estresarme es no lograr los objetivos académicos y sacar buenos proyectos las pienso manejar con más tranquilidad y disposición parara hacer estudio adicional sugiero especificar bien parara que o que nivel tienen los números,50,real
85,1,3,3,2,3,3,3,3,3,0,3,3,3,3,3,3,3,3,2,2,3,3,3,3,3,1,0,0,0,1,1,1,0,0,1,2.057142857142857,alto,"preocupacion de perder los parciales, perder una materia, perder un corte de perder la plata de semestre, no entender y eso me acuerdo",preocuparacion de perder los pararciales perder una materia perder un corte de perder la plata de semestre no entender y eso me acuerdo,23,real
86,-3,1,0,1,1,0,1,1,0,-3,1,-2,-3,-3,0,-3,-2,-2,-3,-3,0,-3,-2,-3,0,-3,-3,0,3,3,0,3,0,0,1,-0.7142857142857143,bajo,"Al comenzar mis semestres anteriores me preocupaban principalmente las materias que tenían bastante lectura, ya que al principio me costaba un poco encontrar la mejor forma de estudiarlas. Con el tiempo aprendí a organizarme mejor y a hacerlas más llevaderas. En general me fue bien durante la carrera y, aunque hubo dos materias que se me complicaron un poco, finalmente logré aprobarlas. Para manejar el estrés, considero importante organizar el tiempo, ser constante y no dejar todo para el último momento.",al comenzar mis semestres anteriores me preocuparaban principaralmente las materias que tenían bastante lectura ya que al principio me costaba un poco encontrar la mejor forma de estudiarlas con el tiempo aprendí a organizarme mejor y a hacerlas más llevaderas en general me fue bien durante la carrera y aunque hubo dos materias que se me complicaron un poco finalmente logré aprobarlas parara manejar el estrés considero importante organizar el tiempo ser constante y no dejar todo parara el último momento,81,real
87,1,2,1,2,1,-1,1,2,1,0,2,0,-3,-3,3,2,2,1,3,2,2,1,-2,2,2,-2,3,3,0,2,2,2,2,2,2,1.1428571428571428,moderado,Es un nuevo semestre de especialización es un poco más duro pero solo hay que concentrar se más y no distraerse por cosas irrelevantes ,es un nuevo semestre de especialización es un poco más duro pero solo hay que concentrar se más y no distraerse por cosas irrelevantes,24,real
88,0,1,1,0,1,1,2,1,3,0,1,1,0,2,2,1,1,0,2,0,1,1,0,0,0,1,0,2,1,1,0,1,0,2,3,0.9428571428571428,moderado,Lo que más me preocupaba era volver a ver formulas ya que son muy enrredadas.,lo que más me preocuparaba era volver a ver formulas ya que son muy enrredadas,15,real
89,0,3,3,3,3,3,3,3,3,3,3,3,3,3,3,3,3,3,3,3,3,3,3,3,3,2,3,1,2,0,3,3,3,3,3,2.7142857142857144,alto,La vida sigue y a estudiar .,la vida sigue y a estudiar,7,real
90,2,3,2,0,3,2,3,1,0,2,1,1,1,0,2,2,0,1,2,0,1,0,0,0,0,0,0,3,1,3,1,1,0,2,2,1.2,moderado,Pues el no alcanzar a entregar trabajos a tiempo y que me valla mal en los parciales  ,pues el no alcanzar a entregar trabajos a tiempo y que me valla mal en los pararciales,17,real
91,-2,0,1,1,3,3,3,3,3,0,1,1,1,2,2,2,2,2,2,2,2,1,1,0,0,-1,1,2,3,2,3,2,3,2,2,1.5714285714285714,alto,Es mi primer semestre ,es mi primer semestre,4,real
92,1,2,-1,-2,0,0,1,-1,-1,-3,-2,-3,-3,-1,-2,-1,-3,-2,-2,-3,-1,-3,-2,-3,-2,-2,-3,1,1,2,3,1,-2,2,2,-0.9142857142857144,bajo,"Tranquilo, feliz y con ganas de estudiar ",tranquilo feliz y con ganas de estudiar,7,real
93,0,1,0,0,0,1,2,1,1,2,0,2,2,0,1,-1,-2,0,0,0,2,0,0,0,0,0,0,1,1,1,3,0,3,2,2,0.7142857142857143,moderado,"Es apenas mi primer semestre, y pues como apenas estoy iniciando y llevo dos semanas de clase, realmente no estoy teniendo estrés de ningún tipo, por ahora estoy llevando todo con tranquilidad y tratando de hacer las cosas bien desde un inicio para no desarrollar estrés al final del semestre por notas ",es apenas mi primer semestre y pues como apenas estoy iniciando y llevo dos semanas de clase realmente no estoy teniendo estrés de ningún tipo por ahora estoy llevando todo con tranquilidad y tratando de hacer las cosas bien desde un inicio parara no desarrollar estrés al final del semestre por notas,52,real
94,2,0,1,1,0,1,0,0,2,0,1,-2,-1,-3,0,0,-2,-1,0,-2,-3,-1,-2,-2,0,0,-1,-1,-1,0,1,1,2,1,1,-0.2285714285714285,bajo,En cuanto al losa trabajos y tareas para ser primer semestre creo que están muy neutrales la cantidad de las mismas. Los profesores se de alto agrado y las clases algo recreativas respecto a algunos de los docentes ,en cuanto al losa trabajos y tareas parara ser primer semestre creo que están muy neutrales la cantidad de las mismas los profesores se de alto agrado y las clases algo recreativas respecto a algunos de los docentes,38,real
95,-2,2,1,-1,1,2,3,1,1,0,0,-1,-1,1,0,1,-1,1,2,0,0,1,-1,-2,0,1,-3,0,2,1,2,2,1,1,2,0.4857142857142857,moderado,Me preocupa no entender algunos temas y pienso manejarlo averiguar de los temas para entender y comprender ,me preocupara no entender algunos temas y pienso manejarlo averiguar de los temas parara entender y comprender,17,real
96,-2,3,3,2,3,2,3,3,3,1,3,3,2,3,3,3,3,3,3,3,3,3,3,1,3,3,2,2,2,2,3,3,2,2,2,2.4571428571428573,alto,"Las tareas,
Los exámenes,
los quizes,
Las exposiciones,
el trabajo que no deja dormir pensando en uno que deja hacer",las tareas los exámenes los quizes las exposiciones el trabajo que no deja dormir pensando en uno que deja hacer,20,real
97,0,0,0,0,1,2,1,0,2,0,3,1,0,1,3,1,-3,-1,0,0,0,0,-2,0,0,1,3,1,0,3,1,3,-2,1,2,0.6285714285714286,moderado,"Antes de iniciar semestre me preocupa cómo organizar mi tiempo para así poder tener tiempo de hacer otras actividades, y lo manejo organizando y planeando semana a semana las actividades que tengo pendientes ",antes de iniciar semestre me preocupara cómo organizar mi tiempo parara así poder tener tiempo de hacer otras actividades y lo manejo organizando y planeando semana a semana las actividades que tengo pendientes,33,real
98,2,3,0,-1,-1,0,1,0,2,-1,-1,1,-3,-1,-2,0,-3,0,-1,-1,0,1,0,-3,1,0,0,0,0,-1,0,0,-1,-1,1,-0.2571428571428571,bajo,"La verdad es que actualmente no me siento estresado ni angustiado por empezar el semestre , estoy feliz de poder empezar a estar esta carrera , aunque por supuesto podría sentirme un poco intimidado por ciertas materias , aunque dentro de todo no espero estresarme por eso ya que si me estreso va a ser peor , pienso que todo con esfuerzo se puede claramente no va a ser fácil pero todo se puede",la verdad es que actualmente no me siento estresado ni angustiado por empezar el semestre estoy feliz de poder empezar a estar esta carrera aunque por supuesto podría sentirme un poco intimidado por ciertas materias aunque dentro de todo no espero estresarme por eso ya que si me estreso va a ser peor pienso que todo con esfuerzo se puede claramente no va a ser fácil pero todo se puede,74,real
99,2,2,2,2,2,2,3,1,2,2,2,3,3,3,3,3,3,3,3,3,-1,-2,-2,2,2,3,3,3,3,3,2,2,-2,-2,-2,1.7428571428571429,alto,Me siento conforme con mis estudios ,me siento conforme con mis estudios,6,real
100,0,0,0,0,0,2,0,0,1,0,2,1,0,1,3,0,0,0,1,0,1,0,0,0,0,1,3,2,2,1,1,3,0,2,2,0.8285714285714286,moderado,Me preocupaba organizar mi tiempo y lo manejo planeando mi semana con anticipación ,me preocuparaba organizar mi tiempo y lo manejo planeando mi semana con anticiparación,13,real
101,0,1,0,0,0,0,1,0,1,0,1,0,0,1,2,0,0,0,1,0,0,1,0,0,0,0,0,0,0,1,3,3,3,2,1,0.6285714285714286,moderado,"Es mi primer semestre, me siento conforme con mis estudios. ",es mi primer semestre me siento conforme con mis estudios,10,real
102,3,3,3,3,3,3,3,3,3,0,3,0,3,1,3,0,0,3,-3,-3,0,-3,-3,-3,0,0,-3,0,0,3,-3,-3,-3,-3,0,0.3714285714285714,bajo,Me siento bien,me siento bien,3,real
103,3,3,3,3,3,2,2,0,3,3,3,3,3,3,3,3,3,3,3,3,3,3,3,3,3,3,3,3,3,3,3,3,-1,3,2,2.7142857142857144,alto,"Me preocupa no sé capaz, aunque sé que lo puedo hacer pero los profesores generan miedo, horror y llega a un punto que sueñas con ellos y despiertas pensando en ello, pasas el día pensando en ello y te duermes pensando en ello, te levantas y es tu primera preocupación, lo que hago es dejar de quejarme y hacerlo y ya",me preocupara no sé caparaz aunque sé que lo puedo hacer pero los profesores generan miedo horror y llega a un punto que sueñas con ellos y despiertas pensando en ello parasas el día pensando en ello y te duermes pensando en ello te levantas y es tu primera preocuparación lo que hago es dejar de quejarme y hacerlo y ya,61,real
104,0,3,3,1,3,3,2,1,3,2,2,1,1,3,2,3,3,3,1,3,1,1,2,1,1,2,2,2,2,2,3,1,2,2,2,1.9714285714285715,alto,"Es un poco estresante las actividades que tienes que realizar sobre el semestre, la cantidad de trabajo que hay que realizar genera incertidumbre  saber qué es un último semestre muy cargado cuando tienes todas las materias en línea ",es un poco estresante las actividades que tienes que realizar sobre el semestre la cantidad de trabajo que hay que realizar genera incertidumbre saber qué es un último semestre muy cargado cuando tienes todas las materias en línea,38,real
105,3,3,3,1,2,2,1,3,2,-1,3,1,-3,-1,1,1,1,1,0,0,2,1,1,1,0,1,-1,0,1,1,1,1,1,1,2,1.0285714285714285,moderado,"El estrés que tenemos los estudiantes de noveno semestre de arquitectura , es pensar en el trabajo de grado próximo, los trabajos que nos dejan de un día para otro y sentir la presión académica ",el estrés que tenemos los estudiantes de noveno semestre de arquitectura es pensar en el trabajo de grado próximo los trabajos que nos dejan de un día parara otro y sentir la presión académica,35,real
106,1,1,2,0,1,-1,1,-2,2,1,1,0,2,0,2,1,0,1,0,2,1,1,0,2,2,-2,3,1,-2,3,3,1,3,1,1,0.9428571428571428,moderado,"Creo que ya al empezar este 9no semestre, he aprendido a manejar un poco más el tiempo. Y ya determino cómo tener una mejor tranquilidad, pero aún así, siento que debo manejar más mis emociones respecto a la carga académica. ",creo que ya al empezar este no semestre he aprendido a manejar un poco más el tiempo y ya determino cómo tener una mejor tranquilidad pero aún así siento que debo manejar más mis emociones respecto a la carga académica,40,real
107,3,3,1,1,3,1,3,-1,3,2,2,1,2,3,1,1,0,2,3,1,0,1,1,0,2,3,3,0,-3,1,3,3,1,3,0,1.5142857142857142,alto,Me preocupa entrar y ver de una vez taller( materia base e importante de arquitectura) por su alta complejidad y tiempo que se le debe de dedicar ,me preocupara entrar y ver de una vez taller materia base e importante de arquitectura por su alta complejidad y tiempo que se le debe de dedicar,27,real
108,2,2,3,3,1,2,2,3,3,1,1,3,0,2,2,2,2,3,2,1,-1,2,1,1,2,2,3,1,0,2,2,2,2,2,1,1.7714285714285714,alto,La carga académica de ser el último semestre ,la carga académica de ser el último semestre,8,real
109,1,2,1,1,3,2,2,2,3,1,1,0,1,1,3,2,2,2,3,3,3,3,2,1,2,0,3,-2,2,3,2,3,3,1,1,1.8,alto,"El semestre académico, a menudo inicia sin antelación de preparación, que es con total normalidad dentro de la malla curricular de la diferentes carreras, para cumplir con un semestres puntual. En la mayoría de los casos no existe una planeación o metodología para iniciar y solucionar este problema, que puede agravarse a lo largo del semestre.
Siento que con acompañamiento y prácticas, o ene el caso está app, serviría como un apoyo vital :) ",el semestre académico a menudo inicia sin antelación de prepararación que es con total normalidad dentro de la malla curricular de la diferentes carreras parara cumplir con un semestres puntual en la mayoría de los casos no existe una planeación o metodología parara iniciar y solucionar este problema que puede agravarse a lo largo del semestre siento que con acomparañamiento y prácticas o ene el caso está app serviría como un apoyo vital,74,real
110,2,3,3,2,3,3,2,1,3,0,1,1,1,3,2,2,1,3,0,1,1,0,0,0,0,1,1,1,1,1,1,1,0,2,1,1.3714285714285714,alto,Quiza si en este momento me sea complicado ver otras materias junto trabajo de grado y lograr finalizarlo satisfactoriamente a final del año,quiza si en este momento me sea complicado ver otras materias junto trabajo de grado y lograr finalizarlo satisfactoriamente a final del año,23,real
111,0,-3,0,3,1,0,-1,0,-3,-3,-3,-3,0,-1,-3,-3,-1,-3,-3,-3,0,-3,0,-3,-3,-3,-3,-3,0,0,0,-3,-3,2,0,-1.457142857142857,bajo,Aunque este culminando semestre principalmente el estrés se presenta por los trabajos en grupo y por temas que por pena no pedimos explicación a temas que no entendemos ,aunque este culminando semestre principaralmente el estrés se presenta por los trabajos en grupo y por temas que por pena no pedimos explicación a temas que no entendemos,28,real
112,2,3,3,1,3,3,3,2,3,3,3,3,3,3,3,3,3,3,3,3,3,3,3,3,3,2,3,2,2,1,3,2,3,3,3,2.7142857142857144,alto,"todo, y  seguir trasnochando",todo y seguir trasnochando,4,real
113,0,0,-1,2,2,0,1,-2,0,3,-1,2,1,1,1,2,-2,1,2,1,1,2,1,-1,2,1,2,2,-2,1,1,2,2,2,-2,0.7714285714285715,moderado,Iniciaba motivado y luego se me perdía la motivación y solo quería salir y ahora ya solo me interesa salir de la universidad aunque hay veces no tanto ,iniciaba motivado y luego se me perdía la motivación y solo quería salir y ahora ya solo me interesa salir de la universidad aunque hay veces no tanto,28,real
114,-2,-1,-1,-3,1,-1,0,0,0,-1,-3,-1,-3,-3,-1,-2,-3,-1,0,0,-1,-2,0,-2,-1,-3,-1,-2,-3,2,1,-1,-1,0,-1,-1.1428571428571428,bajo,Podría estresarme haciendo la práctica empresarial ,podría estresarme haciendo la práctica empresarial,6,real
115,2,3,1,-3,3,-1,0,-1,2,-3,-1,2,0,3,1,3,1,3,1,1,1,2,1,3,1,-1,-1,2,1,1,1,1,3,1,3,1.0285714285714285,moderado,"Soy una persona perfeccionista y la mayoría de tiempo sobre pienso en como me irá a futuro, es por ellos que ya terminando semestre quiero lograr organizarme,enfocarme y lograr controlar esas emociones encontradas para poder crecer en el futuro sin necesidad de estresarme pero tampoco relajarme ",soy una persona perfeccionista y la mayoría de tiempo sobre pienso en como me irá a futuro es por ellos que ya terminando semestre quiero lograr organizarme enfocarme y lograr controlar esas emociones encontradas parara poder crecer en el futuro sin necesidad de estresarme pero tampoco relajarme,46,real
116,1,3,3,1,3,1,3,2,3,3,1,0,-3,3,1,2,3,3,3,0,2,2,1,1,2,1,2,-1,-2,1,2,3,0,3,3,1.6,alto,"Pues me siento un poco preocupado , debido a que me preocupa las últimas materias , las prácticas empresariales, porque ya no estamos realizando algo por hacer nomás , sino ya estamos haciendo cosas que van a ser servicios para las personas ,no podemos cometer errores , , y pues ahora me estresa el poco tiempo que tenemos y como va a hacer mi opción de grado en la especialización, que tan duro va a ser el semestre , y pues la situación la pienso manejar como vaya , no me pienso a pensar en lo de mañana z pienso en lo de hoy para así no estresarme más ",pues me siento un poco preocuparado debido a que me preocupara las últimas materias las prácticas empresariales porque ya no estamos realizando algo por hacer nomás sino ya estamos haciendo cosas que van a ser servicios parara las personas no podemos cometer errores y pues ahora me estresa el poco tiempo que tenemos y como va a hacer mi opción de grado en la especialización que tan duro va a ser el semestre y pues la situación la pienso manejar como vaya no me pienso a pensar en lo de mañana z pienso en lo de hoy parara así no estresarme más,109,real
117,-1,-1,-2,-1,-1,0,-1,0,-1,3,1,2,2,2,-1,1,-1,0,0,2,1,-1,0,1,1,3,2,1,1,-2,-3,-2,3,-1,-1,0.1714285714285714,bajo,"Al iniciar semestre me preocupo muy poco , siempre intento sacar buenas notas en los primeros cortes por lo que casi no me estreso o general me va bien, ahora creo que me estresaria cuando no saco buenas notas y para manejar situaciones de estrés intento minimizar ",al iniciar semestre me preocupo muy poco siempre intento sacar buenas notas en los primeros cortes por lo que casi no me estreso o general me va bien ahora creo que me estresaria cuando no saco buenas notas y parara manejar situaciones de estrés intento minimizar,47,real
118,-3,2,2,1,0,1,2,1,1,0,-2,0,-3,-2,2,-1,-1,-1,0,-2,-1,0,-1,-3,-2,-3,1,-3,-2,-1,0,1,1,-3,-1,-0.5714285714285714,bajo,Ahora al comenzar este semestre me siento más mo to vado porque es solo un paso que falta más sin hembargo hay cosas que preocupan al avanzar en cada semestre y para manejar esto es más que todo como se vayan dando las cosas y mirar cómo resolverlo ,ahora al comenzar este semestre me siento más mo to vado porque es solo un paraso que falta más sin hembargo hay cosas que preocuparan al avanzar en cada semestre y parara manejar esto es más que todo como se vayan dando las cosas y mirar cómo resolverlo,48,real
119,-3,3,3,3,3,3,3,2,3,0,3,1,0,1,2,2,2,2,3,0,2,2,1,0,2,2,2,3,0,2,1,2,0,0,3,1.6571428571428573,alto,"Teniendo en cuenta los semestres anteriores aprendí a manejar los tiempos, mis emociones a como dirigirme ante los demás, pero sobre todo disfrutar de esta experiencia en la universidad. ",teniendo en cuenta los semestres anteriores aprendí a manejar los tiempos mis emociones a como dirigirme ante los demás pero sobre todo disfrutar de esta experiencia en la universidad,29,real
120,2,3,3,3,2,3,3,1,3,2,1,2,1,3,3,2,3,3,2,3,2,1,2,3,2,2,2,1,3,2,1,3,0,1,2,2.142857142857143,alto,"Me siento un poco más relajada ya que no veo materias y con los profesores me siento respaldada y acompañada en el proceso. 
Antes me preocupaba tener un buen promedio, no tener concentración en las clases por agotamiento del trabajo y no aprender.
Lo que me podría estresar serían las prácticas ya que siento que no tengo gran conocimiento en la empresa en la que estoy y ser suficiente para la carrera 
Pienso seguir consejos de los profesores y buscar alternativas de estudio de lo que no tenga conocimiento. ",me siento un poco más relajada ya que no veo materias y con los profesores me siento resparaldada y acomparañada en el proceso antes me preocuparaba tener un buen promedio no tener concentración en las clases por agotamiento del trabajo y no aprender lo que me podría estresar serían las prácticas ya que siento que no tengo gran conocimiento en la empresa en la que estoy y ser suficiente parara la carrera pienso seguir consejos de los profesores y buscar alternativas de estudio de lo que no tenga conocimiento,89,real
121,0,1,2,0,1,-1,0,-3,1,0,1,0,1,1,1,1,2,1,0,-1,-2,-2,-2,-2,-3,-3,-3,0,0,0,0,0,0,0,0,-0.2571428571428571,bajo,"cada semestre nos deja una enseñanza nueva, siempre puede estresar un poco algún trabajo por los contratiempos que puedan pasar pero siempre habrá una solución.",cada semestre nos deja una enseñanza nueva siempre puede estresar un poco algún trabajo por los contratiempos que puedan parasar pero siempre habrá una solución,25,real
122,0,2,3,-3,2,1,2,-2,3,-3,2,0,-2,-3,1,1,-1,0,1,2,2,0,-3,-3,0,-3,-3,-2,2,3,1,2,-3,1,-2,-0.0571428571428571,bajo,"Iniciando este semestre me he sentido bien,pensando en los anteriores semestres tuve preocupaciones por las áreas de matemáticas ",iniciando este semestre me he sentido bien pensando en los anteriores semestres tuve preocuparaciones por las áreas de matemáticas,18,real
123,0,1,1,1,1,0,1,1,0,0,0,-1,0,0,0,0,0,0,0,0,0,0,0,0,0,0,0,0,0,0,0,0,0,0,0,0.1428571428571428,bajo,Con animo y por aprender mas ,con animo y por aprender mas,6,real
124,1,2,3,0,1,2,2,2,2,1,1,-1,-1,3,1,3,1,2,2,-1,1,2,0,2,2,3,3,-3,-2,-2,-2,3,0,2,-3,0.9142857142857144,moderado,"solo no  me gusta estar rodeado de personas, no planeo evitarlas por completo pero si mantener mi distancia igual que todos los otros semestres",solo no me gusta estar rodeado de personas no planeo evitarlas por completo pero si mantener mi distancia igual que todos los otros semestres,24,real
125,2,2,2,0,2,0,1,0,0,0,0,0,0,0,2,2,2,2,0,1,2,2,2,2,2,-2,2,1,1,2,2,2,2,2,2,1.2,moderado,El manejo de temas en la cual no manejo de manera optima,el manejo de temas en la cual no manejo de manera optima,12,real
126,3,3,2,3,2,2,3,-1,2,0,2,2,1,2,2,1,2,1,0,0,2,1,1,0,2,0,0,2,2,1,2,2,1,2,3,1.5142857142857142,alto,Cosas que preocupan la desorganizacion de la universidad a la hora de los profesores horarios y desconexion con los estudiantes y falta de seriedad a la hora de dejarnos ,cosas que preocuparan la desorganizacion de la universidad a la hora de los profesores horarios y desconexion con los estudiantes y falta de seriedad a la hora de dejarnos,29,real
127,-3,3,3,0,3,-3,3,3,0,-3,0,2,-3,3,2,0,3,-1,3,3,3,0,0,0,3,0,0,-1,-3,0,0,0,0,2,0,0.6285714285714286,moderado,"Al comenzar este semestre me siento un poco preocupada, pero también motivada por seguir avanzando. Antes me preocupaban las notas, los trabajos y no alcanzar a cumplir con todo. Ahora podría estresarme la cantidad de responsabilidades y el tiempo. Pienso manejarlo organizando mejor mis actividades, estableciendo prioridades y evitando dejar todo para última hora.",al comenzar este semestre me siento un poco preocuparada pero también motivada por seguir avanzando antes me preocuparaban las notas los trabajos y no alcanzar a cumplir con todo ahora podría estresarme la cantidad de responsabilidades y el tiempo pienso manejarlo organizando mejor mis actividades estableciendo prioridades y evitando dejar todo parara última hora,54,real
128,0,1,0,0,1,1,2,2,2,2,2,2,0,1,0,1,1,1,1,1,1,1,1,0,1,0,1,0,0,0,0,0,1,1,1,0.8285714285714286,moderado,Bien motivado pero con nervios de fallar ,bien motivado pero con nervios de fallar,7,real
129,1,2,2,1,2,0,3,0,1,0,1,0,1,0,2,1,3,3,1,1,1,1,1,1,1,-2,1,1,0,1,2,2,3,1,3,1.2,moderado,El volver a ver una materia con el mismo profesor ,el volver a ver una materia con el mismo profesor,10,real
130,-3,2,2,2,2,2,2,1,0,0,1,1,-3,0,1,1,0,1,0,0,1,1,0,0,1,-3,0,1,1,1,1,2,1,2,1,0.6285714285714286,moderado,"Me sentía con muchos nervios de como seria las clases, los profesores, de entender",me sentía con muchos nervios de como seria las clases los profesores de entender,14,real
131,0,1,3,0,2,0,3,0,2,-3,2,1,-3,0,3,0,0,1,0,-3,1,0,1,0,1,0,1,0,3,1,3,0,3,2,3,0.8,moderado,"La materia del profesor juan david, y pienso ps estudiando, y tratar de estar un poco menos despreocupada ",la materia del profesor juan david y pienso ps estudiando y tratar de estar un poco menos despreocuparada,18,real
132,0,1,2,0,2,1,2,-2,2,0,2,1,-3,3,1,1,0,1,1,1,1,1,1,-2,1,0,1,0,-1,0,1,0,1,0,0,0.5714285714285714,moderado,Hay algunas materias en las cuales siento que son difíciles como automatización la cual es la que más me preocupa en este semestre. ,hay algunas materias en las cuales siento que son difíciles como automatización la cual es la que más me preocupara en este semestre,23,real
133,0,3,1,1,2,3,3,0,1,-1,1,-1,1,-3,-1,-2,-1,-2,1,0,-1,0,0,2,1,-3,-3,0,0,0,0,0,-2,0,3,0.0857142857142857,bajo,"Ahora estoy bien tranquila, dedicada y sacando todo adelante a pesar de las dificultades ",ahora estoy bien tranquila dedicada y sacando todo adelante a pesar de las dificultades,14,real
134,2,3,2,-3,2,1,-2,3,2,2,3,2,1,2,3,3,3,3,2,3,0,2,3,3,3,3,1,-3,1,0,-2,3,-3,-3,-2,1.2285714285714286,moderado,"Aunque estudio varias cosas al mismo tiempo además de mi carrera en la FUP, lo que más me ha preocupado desde el primer semestre y sé que me seguirá preocupando este semestre es que desde hace dos años he estado con los mismos compañeros y sé que no les gusta trabajar en equipo o quieren todo regalado y pelean con los profesores por las notas, además que siempre en todas las materias nos obligan a hacer trabajos en grupo; suena sencillo, pero es desgastante estar recordando a cada rato a tus compañeros que hagan la parte de su trabajo y que no les importe. Además que suelen discutir o juzgar por cosas tontas como si alguien simplemente se maquilla, me preocupa que me juzguen por algo así tan sencillo pero sé que no puedo hacer nada al respecto así que está bien. No sé cómo mejorar las situaciones, he optado en parte por ver clases en la noche o materias diferentes qué no sean con mis mismos compañeros de siempre; no creo que pueda hacer mucho, no creo que hablar con ellos sea opción. MuchotextoperdonJDKSJD",aunque estudio varias cosas al mismo tiempo además de mi carrera en la fup lo que más me ha preocuparado desde el primer semestre y sé que me seguirá preocuparando este semestre es que desde hace dos años he estado con los mismos comparañeros y sé que no les gusta trabajar en equipo o quieren todo regalado y pelean con los profesores por las notas además que siempre en todas las materias nos obligan a hacer trabajos en grupo suena sencillo pero es desgastante estar recordando a cada rato a tus comparañeros que hagan la pararte de su trabajo y que no les importe además que suelen discutir o juzgar por cosas tontas como si alguien simplemente se maquilla me preocupara que me juzguen por algo así tan sencillo pero sé que no puedo hacer nada al respecto así que está bien no sé cómo mejorar las situaciones he optado en pararte por ver clases en la noche o materias diferentes qué no sean con mis mismos comparañeros de siempre no creo que pueda hacer mucho no creo que hablar con ellos sea opción muchotextoperdonjdksjd,185,real
135,1,3,3,3,3,0,1,3,2,3,3,3,0,0,3,3,3,3,2,2,3,1,0,1,3,3,3,0,2,3,3,2,3,0,0,2.0285714285714285,alto,"Me preocupa la tesis, yo siempre me tranquilizó  respiro  le pido a Dios me ayude me  fortaleza seguir dar lo máximo. Siempre decir uno puede. ",me preocupara la tesis yo siempre me tranquilizó respiro le pido a dios me ayude me fortaleza seguir dar lo máximo siempre decir uno puede,25,real
136,0,0,1,-1,0,0,1,-1,1,1,0,0,0,0,1,0,1,0,0,0,1,0,0,0,0,-1,1,0,1,-1,1,0,0,0,0,0.1714285714285714,bajo,Me siento full para empezar este senmestre,me siento full parara empezar este senmestre,7,real
137,0,1,1,0,1,1,2,2,1,0,1,1,1,1,1,0,1,2,1,1,2,2,1,1,1,1,1,0,0,0,2,2,3,1,0,1.0285714285714285,moderado,"Ya se va a terminar la carrera, entonces pienso si el tema del trabajo de grado me va a ser difícil ",ya se va a terminar la carrera entonces pienso si el tema del trabajo de grado me va a ser difícil,21,real
138,0,0,1,0,1,1,1,2,2,0,2,2,-1,1,1,1,1,1,1,2,2,1,1,1,1,1,1,1,1,1,2,2,2,0,0,1.0285714285714285,moderado,En si todo bien ya como último semestre un poco es estresante de pensar en trabajo de grado y todo en tesis pero todo empezó muy bien ,en si todo bien ya como último semestre un poco es estresante de pensar en trabajo de grado y todo en tesis pero todo empezó muy bien,27,real
139,0,2,1,-3,1,1,3,1,2,-1,1,1,1,2,2,1,2,1,3,2,3,2,1,0,3,0,2,0,-2,2,1,0,3,0,0,1.0857142857142856,moderado,Me siento un poco angustia ya que estoy por terminar materias y inicia una nueva etapa  de prácticas donde se necesita mayor responsabilidad y actitud.,me siento un poco angustia ya que estoy por terminar materias y inicia una nueva etapara de prácticas donde se necesita mayor responsabilidad y actitud,25,real
140,0,3,2,3,1,1,0,1,1,2,1,1,0,1,0,1,2,1,2,1,2,0,0,2,2,2,2,1,2,1,1,1,1,1,0,1.2,moderado,Este semestre me siento bien pero preocupada porque estoy terminando mi carrera y no sé cómo empezar mi práctica un poco confusa y todavía no sé como manejar la situación ,este semestre me siento bien pero preocuparada porque estoy terminando mi carrera y no sé cómo empezar mi práctica un poco confusa y todavía no sé como manejar la situación,30,real
141,-2,3,2,2,3,2,1,3,1,2,1,1,1,1,1,1,3,2,1,2,-1,2,1,2,1,2,2,2,-1,-1,2,2,1,2,2,1.4,alto,Mejorando cada dia y ser mas dedicado,mejorando cada dia y ser mas dedicado,7,real
142,1,2,2,0,2,2,3,0,2,2,2,1,1,1,2,2,2,2,2,1,1,1,1,1,3,2,1,1,1,0,0,1,1,0,0,1.3142857142857145,alto,"Pues yo solamente lo hago porque ya voy a terminar materias y ya, el trabajo de grado y los diferentes requerimientos que pide la universidad ",pues yo solamente lo hago porque ya voy a terminar materias y ya el trabajo de grado y los diferentes requerimientos que pide la universidad,25,real
143,3,3,2,1,1,1,1,2,1,0,0,1,0,0,1,-1,-1,-1,0,0,0,0,0,0,1,0,-1,0,1,1,3,-3,-1,-1,-1,0.3714285714285714,bajo,"Aveces no solo es lo academico sino el tema personal, economico y social, con el tiempo se van adaptando a estas situaciones.",aveces no solo es lo academico sino el tema personal economico y social con el tiempo se van adaptando a estas situaciones,22,real
144,2,2,2,1,2,2,3,2,2,2,2,2,1,1,2,2,1,2,2,2,2,2,2,1,1,0,1,2,2,2,2,2,2,1,1,1.7142857142857142,alto,      Principalmente voy a dar lo mejor de mí para sacar esto adelante  ,principaralmente voy a dar lo mejor de mí parara sacar esto adelante,12,real
145,0,3,3,2,2,3,2,3,3,0,2,2,2,2,3,3,2,1,3,1,3,1,2,3,1,1,3,1,2,2,2,2,0,2,1,1.9428571428571428,alto,Las cosas me preocupaba es que las cosas que tengo pensado hacer no me salgan y no poder aprobar el semestre ,las cosas me preocuparaba es que las cosas que tengo pensado hacer no me salgan y no poder aprobar el semestre,21,real
146,2,-2,-1,3,2,2,-2,1,2,2,1,2,2,2,1,-1,1,-1,3,0,0,1,2,1,2,2,3,0,0,0,2,3,1,1,-1,1.0285714285714285,moderado,Me siento muy contento y emocionado y dispuesto a aprender ,me siento muy contento y emocionado y dispuesto a aprender,10,real
147,1,1,1,1,1,2,1,1,2,1,1,1,1,2,0,1,1,1,1,1,1,1,1,0,2,0,0,1,2,2,2,2,1,1,1,1.1142857142857143,moderado,Con muchas ganas de seguir aprendiendo ,con muchas ganas de seguir aprendiendo,6,real
148,1,0,1,0,1,1,1,0,1,0,-1,1,2,-1,-1,-1,-1,-2,-3,-1,-3,-3,-3,-1,-3,-2,-1,0,0,2,3,3,0,2,3,-0.1428571428571428,bajo,"Siento q se me dificulta recordar unos temas debido a q en su momento ya lo sabia y no le prestaba atención en clase, me preocupa un poco mi futuro en elnq si puedo desempeñarme adecuadamente para solucionarlo prestar mas atención y seguir aprendiendo ",siento q se me dificulta recordar unos temas debido a q en su momento ya lo sabia y no le prestaba atención en clase me preocupara un poco mi futuro en elnq si puedo desempeñarme adecuadamente parara solucionarlo prestar mas atención y seguir aprendiendo,44,real
149,3,0,0,1,0,-3,0,2,3,-3,0,0,0,0,0,0,0,-3,1,0,0,0,-1,2,0,0,0,0,2,3,0,3,3,3,1,0.4857142857142857,moderado,Voy más motivado y más estudioso este semestre ,voy más motivado y más estudioso este semestre,8,real
150,1,2,-1,2,2,2,3,2,1,1,1,0,0,1,1,0,0,1,2,0,1,1,0,1,-1,1,1,1,1,1,0,0,0,0,0,0.8,moderado,"Regular, a medias ",regular a medias,3,real
151,-2,3,2,2,0,0,0,2,2,0,2,0,0,0,0,0,0,0,2,0,0,0,0,0,0,0,0,1,3,1,1,0,0,2,2,0.6571428571428571,moderado,me siento bien por estar en la fundación ,me siento bien por estar en la fundación,8,real
152,0,0,0,0,0,0,1,0,0,-3,0,1,1,1,0,0,0,0,0,0,0,0,0,0,0,0,0,0,0,0,0,0,0,0,0,0.0285714285714285,bajo,Estoy muy conforme ,estoy muy conforme,3,real
153,0,3,2,3,1,0,3,-3,2,2,3,3,0,2,1,1,0,-1,0,0,3,0,1,1,3,1,3,1,-3,3,-3,-1,0,0,-3,0.8,moderado,"La presión académica de cumplir con responsabilidades académicas así mismo como con trabajo de grado, así mismo como mantener la solvencia económica para salidas de campo, materiales, transporte y demás. ",la presión académica de cumplir con responsabilidades académicas así mismo como con trabajo de grado así mismo como mantener la solvencia económica parara salidas de campo materiales transporte y demás,30,real
154,0,2,3,0,2,2,3,0,1,1,2,2,0,0,2,2,1,0,0,0,0,0,0,0,0,-3,1,-3,2,2,3,0,3,3,-3,0.8,moderado,"Me sueño muy motivada ya que estoy por culminar mi etapa de teoría, me preocupaba no poder con las materias, ahora me preocupa la tesis, pienso en manejarlas siendo responsable y dedicada en mis estudios.",me sueño muy motivada ya que estoy por culminar mi etapara de teoría me preocuparaba no poder con las materias ahora me preocupara la tesis pienso en manejarlas siendo responsable y dedicada en mis estudios,35,real
155,2,2,1,-1,1,0,1,1,2,1,0,0,0,0,1,1,0,0,1,1,1,1,1,-1,0,-2,0,0,2,1,2,1,1,1,-2,0.5714285714285714,moderado,"Cómo en todo semestre al principio pues relajado pero poco a poco se van dificultando las cosas, antes me preocupa mucho el no poder pasar al siguiente semestre, con el estrés podrían ser los trabajos finales, para manejar esto sería pues seguir todos los consejos, hacer los trabajos puntuales ",cómo en todo semestre al principio pues relajado pero poco a poco se van dificultando las cosas antes me preocupara mucho el no poder parasar al siguiente semestre con el estrés podrían ser los trabajos finales parara manejar esto sería pues seguir todos los consejos hacer los trabajos puntuales,49,real
156,-3,1,2,-1,3,1,1,3,0,-3,0,1,1,1,0,1,1,1,3,1,2,2,1,0,1,0,3,0,1,0,0,-3,-3,0,-3,0.4285714285714285,bajo,Me estresa saber que se acabe este semestre y el próximo ya vienen las prácticas y aún no se donde las haré. Para manejarlas pues ir pensando desde ahora que poder hacer. ,me estresa saber que se acabe este semestre y el próximo ya vienen las prácticas y aún no se donde las haré parara manejarlas pues ir pensando desde ahora que poder hacer,32,real
157,-2,0,0,-2,0,-1,0,0,0,0,0,0,0,-1,-1,0,-1,-1,0,0,-1,0,0,0,0,0,-1,1,2,0,3,3,0,2,0,0.0,bajo,"Super bien porque ya es como el último semestre para ver materias y ya empezar con las prácticas, contentó por que ya son pocas materias y en conocimiento que uno adquiere es muy grande ",super bien porque ya es como el último semestre parara ver materias y ya empezar con las prácticas contentó por que ya son pocas materias y en conocimiento que uno adquiere es muy grande,34,real
158,1,3,1,0,1,1,2,1,1,0,1,0,0,3,2,1,0,1,1,1,0,0,0,0,0,0,0,3,3,3,3,3,2,3,1,1.2,moderado,"Las horas de sueño esto afecta cuando estamos en clases de teoría o matemáticas, pero poco a poco eh ido cuadrando mis horas de sueño y de actividades para así tener energía y no tener pereza en mis clases",las horas de sueño esto afecta cuando estamos en clases de teoría o matemáticas pero poco a poco eh ido cuadrando mis horas de sueño y de actividades parara así tener energía y no tener pereza en mis clases,39,real
159,0,1,1,0,1,1,2,2,0,0,1,1,0,0,0,0,0,0,1,0,1,0,0,0,1,0,0,0,0,1,0,0,1,0,0,0.4285714285714285,bajo,"Mis preocupaciones no están firmemente relacionadas con lo académico, así que cad inicio de semestre intento empezar con la mejor energía y dar lo mejor de mi, sin dejar que el estudio agobie mi vida o mi mente ",mis preocuparaciones no están firmemente relacionadas con lo académico así que cad inicio de semestre intento empezar con la mejor energía y dar lo mejor de mi sin dejar que el estudio agobie mi vida o mi mente,38,real
160,2,2,2,2,2,1,2,2,1,2,2,3,3,3,3,3,2,3,2,2,2,2,3,2,2,3,3,3,2,3,2,1,1,1,0,2.1142857142857143,alto,Tratar de no estresarme y buscar soluciones ,tratar de no estresarme y buscar soluciones,7,real
161,0,3,3,0,3,3,2,3,3,3,3,2,0,3,3,3,2,3,3,3,2,3,3,2,3,3,3,3,0,1,3,3,3,2,2,2.4,alto,Comenzar este semestre se me ha hecho como empezar a no hacerle caso a mi cuerpo de estar bien y no estresada. Es como si mis días alegres se volvieran otra vez grises. Lo que me estresa ahora son los diferentes trabajos que tan difícil serán y el poder resistir otro semestre más. Todos los días me digo a mi misma que esto es porque realmente quiero salir adelante pero sobre todo ayudar el planeta nuestra biodiversidad y que para hacer todo esto necesito de una prueba muy díficil.,comenzar este semestre se me ha hecho como empezar a no hacerle caso a mi cuerpo de estar bien y no estresada es como si mis días alegres se volvieran otra vez grises lo que me estresa ahora son los diferentes trabajos que tan difícil serán y el poder resistir otro semestre más todos los días me digo a mi misma que esto es porque realmente quiero salir adelante pero sobre todo ayudar el planeta nuestra biodiversidad y que parara hacer todo esto necesito de una prueba muy díficil,89,real
162,3,3,3,0,3,3,3,0,3,3,3,3,3,3,3,3,3,3,3,3,3,3,3,3,3,3,3,3,3,3,3,3,3,3,3,2.8285714285714287,alto,Me preocupa los parciales de materias muy difíciles como lo es cálculo ,me preocupara los pararciales de materias muy difíciles como lo es cálculo,12,real
163,-3,2,3,0,2,2,1,1,1,3,1,2,1,1,2,0,1,1,1,-2,1,-2,0,0,2,1,1,-1,-2,-1,1,2,-3,1,2,0.6285714285714286,moderado,"Me preocupaba a la hora  de entregar trabajos a la hora establecida, y lo que me estresa es el tiempo, pero para mejorar es ser más responsable con migo misma. ",me preocuparaba a la hora de entregar trabajos a la hora establecida y lo que me estresa es el tiempo pero parara mejorar es ser más responsable con migo misma,30,real
164,0,3,1,0,2,0,3,0,3,0,2,2,1,3,3,2,2,1,1,1,0,1,1,3,1,3,3,0,3,3,1,3,3,1,3,1.6857142857142855,alto,Soy estudiante que trabaja y estudia al mismo tiempo y ha sido un gran reto poder cumplir con las obligaciones y saber que me preocupa no tener tiempo para mis trabajos. También el transporte es complicado .,soy estudiante que trabaja y estudia al mismo tiempo y ha sido un gran reto poder cumplir con las obligaciones y saber que me preocupara no tener tiempo parara mis trabajos también el transporte es complicado,37,real
165,0,3,3,1,2,2,3,0,3,0,3,1,0,3,3,1,0,2,3,1,3,0,2,2,3,1,2,3,2,2,0,2,0,0,0,1.6,alto,Situaciones personales que las mezclo con lo académico ,situaciones personales que las mezclo con lo académico,8,real
166,-3,-3,-3,-3,-3,-3,-3,-3,-3,-3,-3,-3,-3,-3,-3,-3,-3,-3,-3,-3,-3,-3,-3,-3,-3,-3,-3,-3,-3,-3,-3,-2,-3,-3,-3,-2.9714285714285715,bajo,"Me siento feliz con ganas de aprender mucho .
Me preocupa la dinámica de los trabajos 
Me estresa el comportamiento de algunos docentes. 
Pienso que debo manejarlo con el diálogo  ",me siento feliz con ganas de aprender mucho me preocupara la dinámica de los trabajos me estresa el comportamiento de algunos docentes pienso que debo manejarlo con el diálogo,30,real
167,2,3,3,1,3,1,3,3,3,3,3,2,2,3,3,2,3,3,3,3,3,2,3,3,3,2,3,-1,0,1,-1,2,1,1,-3,2.0285714285714285,alto,"Pues regular, por las materias que no pude pasar y eso me tiene estrés académico y económico y pues solo espero pasar este semestre y pagar las materias que no he podido pasar ",pues regular por las materias que no pude parasar y eso me tiene estrés académico y económico y pues solo espero parasar este semestre y paragar las materias que no he podido parasar,33,real
168,-1,2,1,-3,2,1,2,-3,2,1,1,2,0,2,3,1,1,1,1,1,-2,1,0,1,1,1,3,0,-2,2,0,1,-3,1,1,0.6285714285714286,moderado,"Me siento en duda, sobre todo a la hora de manejar el horario no estoy acostumbrada a manejar horarios tan tempranos como a las 7am y eso hace que el resto de mi rutina se desestabilice mucho por cansancio ",me siento en duda sobre todo a la hora de manejar el horario no estoy acostumbrada a manejar horarios tan tempranos como a las am y eso hace que el resto de mi rutina se desestabilice mucho por cansancio,39,real
169,1,3,2,0,3,2,1,0,1,-1,1,0,-1,0,2,2,2,1,3,0,-1,1,-2,-2,2,1,3,1,-1,0,-2,2,-2,-1,3,0.6857142857142857,moderado,"Siempre esta la preocupación de poder tener un buen rendimiento académico y no caer en la procrastinacion, los trabajos y exámenes que se acumulan en semana de parciales, para manejar el estrés no hay que olvidarse de las necesidades básicas y de la confianza ",siempre esta la preocuparación de poder tener un buen rendimiento académico y no caer en la procrastinacion los trabajos y exámenes que se acumulan en semana de pararciales parara manejar el estrés no hay que olvidarse de las necesidades básicas y de la confianza,44,real
170,2,3,3,-1,3,2,3,3,2,3,2,3,3,3,3,1,1,3,3,3,3,1,2,1,3,2,3,1,2,1,3,3,-2,-2,-3,1.8857142857142857,alto,"Me siento con temor de no poder realizar todas las actividades y tal vez perder alguna materia , me dificulta mucho concentrarme y hacer algun tipo de exposicion, pienso manejar esto tratando de estudiar mas por fuera de clase y tratar de pensar en que si puedo lograrlo ",me siento con temor de no poder realizar todas las actividades y tal vez perder alguna materia me dificulta mucho concentrarme y hacer algun tipo de exposicion pienso manejar esto tratando de estudiar mas por fuera de clase y tratar de pensar en que si puedo lograrlo,48,real
171,-3,1,1,-1,0,0,-1,-2,-2,2,3,3,1,3,3,1,1,0,3,1,2,3,2,1,2,3,2,-1,-3,2,1,3,-3,-2,-3,0.6571428571428571,moderado,"El madrugar genera estrés y irritabilidad y a largo plazo dificulta el correcto aprendizaje, siento que lo q mantiene en pie seguir es las posibilidades de conocer nuevos lugares. No busco estresarme por cosas del estudio. ",el madrugar genera estrés y irritabilidad y a largo plazo dificulta el correcto aprendizaje siento que lo q mantiene en pie seguir es las posibilidades de conocer nuevos lugares no busco estresarme por cosas del estudio,36,real
172,-3,2,2,1,1,2,0,1,-1,-3,0,1,0,1,1,0,0,0,-1,0,0,1,1,0,0,-2,0,1,3,2,2,1,1,0,1,0.4285714285714285,bajo,Me siento feliz ya que cada vez estoy más serca de culminar el estudio,me siento feliz ya que cada vez estoy más serca de culminar el estudio,14,real
173,3,2,3,3,0,0,2,1,2,3,1,2,0,2,1,2,2,1,2,1,1,1,0,1,1,0,0,1,2,-1,3,-3,-1,1,-3,1.0285714285714285,moderado,"Me preocupa el no tener trabajo. Soy una desempleada más del país, afecta mi mi entorno dado que tengo una hija, mas los gastos míos en la ciudad de Popayán ",me preocupara el no tener trabajo soy una desempleada más del paraís afecta mi mi entorno dado que tengo una hija mas los gastos míos en la ciudad de poparayán,30,real
174,0,1,1,1,2,1,2,3,1,0,1,0,1,1,1,1,1,1,0,0,3,0,0,0,1,0,0,0,1,0,0,0,0,0,0,0.6857142857142857,moderado,"Preocupaciones no, solo es el simple hecho q llegue el dia de volver a entrar a clases que pereza los dias que toque q madrugar o q llegué tarde o cosas asi, de resto preocupaciones mayores no",preocuparaciones no solo es el simple hecho q llegue el dia de volver a entrar a clases que pereza los dias que toque q madrugar o q llegué tarde o cosas asi de resto preocuparaciones mayores no,37,real
175,-2,1,1,-1,2,-1,1,-1,1,-3,-1,0,-3,3,0,-1,1,2,3,1,1,0,-1,0,0,-1,-1,0,-3,-1,0,2,-2,0,-3,-0.1714285714285714,bajo,"Al comenzar este semestre me siento motivada, pero también un poco preocupada por las responsabilidades académicas. En semestres anteriores me preocupaban los exámenes, los trabajos y cumplir con todas las actividades a tiempo. Ahora creo que podría estresarme por la cantidad de tareas y la dificultad de algunas materias. Para manejar estas situaciones, pienso organizar mejor mi tiempo, establecer prioridades, estudiar con anticipación y pedir ayuda cuando sea necesario. También quiero confiar más en mis capacidades y mantener una actitud positiva.

",al comenzar este semestre me siento motivada pero también un poco preocuparada por las responsabilidades académicas en semestres anteriores me preocuparaban los exámenes los trabajos y cumplir con todas las actividades a tiempo ahora creo que podría estresarme por la cantidad de tareas y la dificultad de algunas materias parara manejar estas situaciones pienso organizar mejor mi tiempo establecer prioridades estudiar con anticiparación y pedir ayuda cuando sea necesario también quiero confiar más en mis caparacidades y mantener una actitud positiva,81,real
176,-3,2,1,-3,1,-1,1,2,1,-2,-1,-1,1,1,3,1,-1,1,3,-1,3,1,-3,1,1,-2,1,3,2,1,2,-1,1,2,2,0.5428571428571428,moderado,"El semestres anteriores me preocupaba mucho los trabajos, no entender y mi trabajo, lo que me hacía dejar todo para el final.

Ahora creo que lo que más podría estresarme es mi adelanto de trabajo de gradony los parciales, también organizar mi tiempo entre la universidad y mi trabajo

Pienso manejarlo siendo más organizada, no trasnochando tanto y pidiendo ayuda a mis compañeros o profes cuando no entienda algo.",el semestres anteriores me preocuparaba mucho los trabajos no entender y mi trabajo lo que me hacía dejar todo parara el final ahora creo que lo que más podría estresarme es mi adelanto de trabajo de gradony los pararciales también organizar mi tiempo entre la universidad y mi trabajo pienso manejarlo siendo más organizada no trasnochando tanto y pidiendo ayuda a mis comparañeros o profes cuando no entienda algo,69,real
177,2,2,0,1,3,2,2,2,1,2,1,0,1,0,1,0,2,2,3,3,1,2,1,1,1,0,0,2,2,1,2,2,3,1,0,1.4,alto,Me estresa los trabajos siento que es mucho a veces por qué trabajo pero siento que puedo organizar más mi tiempo para así por ser hacer todo bien ,me estresa los trabajos siento que es mucho a veces por qué trabajo pero siento que puedo organizar más mi tiempo parara así por ser hacer todo bien,28,real
178,-2,2,3,-1,3,3,3,-1,3,0,3,3,0,2,3,3,2,3,3,3,2,2,2,3,3,2,3,3,3,3,3,-1,3,3,3,2.142857142857143,alto,Algo nerviosa debido a las responsabilidades que conlleva esto y al estar tan cerca de la meta es más responsabilidad aún ,algo nerviosa debido a las responsabilidades que conlleva esto y al estar tan cerca de la meta es más responsabilidad aún,21,real
179,0,2,2,0,2,2,2,-1,1,-3,-1,1,-2,-2,2,1,1,1,1,1,2,1,1,0,0,1,3,0,2,3,2,1,-3,1,0,0.6857142857142857,moderado,No tengo respuesta ,no tengo respuesta,3,real
180,0,3,3,2,3,3,3,3,3,2,2,3,1,3,2,0,3,3,3,0,2,2,2,3,3,2,2,1,2,2,2,3,2,2,3,2.2285714285714286,alto,Ya nada me preocupa Pero si llegué con más entusiasmo para que salgan mejor las cosas tanto en la vida personal como en la vida universitaria ,ya nada me preocupara pero si llegué con más entusiasmo parara que salgan mejor las cosas tanto en la vida personal como en la vida universitaria,26,real
181,-3,-2,0,-2,1,-3,-2,-3,-2,-2,-3,-2,-3,0,0,0,-2,-3,-2,-3,-2,-2,-2,-2,-2,-2,-1,3,3,3,3,3,3,3,3,-0.7142857142857143,bajo,"Bien, carga académica, distribución de tiempo ",bien carga académica distribución de tiempo,6,real
182,-1,3,3,3,3,2,2,-3,2,-2,3,2,-3,1,3,2,2,2,2,-3,-3,2,2,2,2,-2,3,-3,-3,-3,-3,3,-3,-2,-3,0.3428571428571428,bajo,En este momento me preocupa mi trayectoria de investigación y los congreso que tengo este semestre y poder cumplir con la carrera de ingeniería y también pensando que estoy empezando una doble titulación mi carga es alta y la expectativa de mi familia es alta y la mía por lograr todo  ,en este momento me preocupara mi trayectoria de investigación y los congreso que tengo este semestre y poder cumplir con la carrera de ingeniería y también pensando que estoy empezando una doble titulación mi carga es alta y la expectativa de mi familia es alta y la mía por lograr todo,51,real
183,0,-2,2,0,1,1,2,2,3,3,2,1,1,0,1,0,0,1,0,0,2,1,1,0,1,0,1,1,0,1,1,1,0,1,1,0.8571428571428571,moderado,Bién aprender más ,bién aprender más,3,real
184,1,1,2,2,2,2,2,0,0,1,2,1,1,-1,1,-1,3,2,2,2,1,2,2,3,3,1,2,1,0,3,1,3,-3,2,0,1.3142857142857145,alto,Demasiados trabajos acumulados en ciertos cortes del semestre pasado y este semestre también ,demasiados trabajos acumulados en ciertos cortes del semestre parasado y este semestre también,13,real
185,2,2,3,3,3,2,3,2,1,0,3,3,-3,1,2,-1,2,2,2,2,2,2,1,1,2,0,2,0,-1,-3,1,2,1,2,2,1.3714285714285714,alto,Me siento ansiosa y creo que me estresaria tener muchos trabajos y lo manejaria adelantado los  ,me siento ansiosa y creo que me estresaria tener muchos trabajos y lo manejaria adelantado los,16,real
186,1,3,2,0,2,0,2,2,2,-3,-1,-3,-3,-3,0,0,1,1,2,1,1,0,0,-3,0,-3,-2,0,-2,-3,-3,-3,-2,-2,0,-0.4571428571428571,bajo,Bien ya que me encuentro motivada en empezar otra etapa más de mi carrera ,bien ya que me encuentro motivada en empezar otra etapara más de mi carrera,14,real
187,0,3,0,0,1,2,1,1,0,0,0,1,0,0,0,0,1,0,0,2,2,1,0,0,0,0,1,1,0,2,2,1,2,2,1,0.7714285714285715,moderado,"Al comenzar este semestre me siento con ganas de aprender y mejorar, aunque también tengo algunas preocupaciones. Antes me estresaban las entregas, los exámenes y la organización del tiempo. Ahora creo que podría estresarme por la carga académica, pero pienso manejarlo organizándome mejor, cumpliendo con mis responsabilidades y tratando de mantener la calma.",al comenzar este semestre me siento con ganas de aprender y mejorar aunque también tengo algunas preocuparaciones antes me estresaban las entregas los exámenes y la organización del tiempo ahora creo que podría estresarme por la carga académica pero pienso manejarlo organizándome mejor cumpliendo con mis responsabilidades y tratando de mantener la calma,53,real
188,1,2,1,1,2,2,2,3,2,2,2,1,-1,0,3,2,2,2,1,2,2,1,1,1,1,-1,1,0,1,2,-1,1,1,1,2,1.2857142857142858,alto,Al comenzar el semestre me siento muy feliz con los compañeros que Dios puso en mi camino las cosas que me preocupan es las fechas en que ahí que entregar los trabajos ya que el tiempo se pasa muy rápido Loo que podría estresarme hoy es que no entienda la explicación de Loos profesores manejar la situación sería sentirme tranquila y segura de lo que estoy asiendo.,al comenzar el semestre me siento muy feliz con los comparañeros que dios puso en mi camino las cosas que me preocuparan es las fechas en que ahí que entregar los trabajos ya que el tiempo se parasa muy rápido loo que podría estresarme hoy es que no entienda la explicación de loos profesores manejar la situación sería sentirme tranquila y segura de lo que estoy asiendo,67,real
189,-2,-2,2,0,3,3,3,3,2,-3,3,2,1,0,3,1,1,-1,3,-2,3,3,3,1,-2,-3,-3,2,2,2,2,2,2,2,-2,0.9714285714285714,moderado,En comenzar con la actitud y la disciplina exelente ,en comenzar con la actitud y la disciplina exelente,9,real
190,2,2,1,0,-3,3,2,2,2,2,0,1,2,1,1,2,2,2,1,-2,-1,2,1,2,2,2,1,0,2,-1,2,2,-1,2,3,1.1714285714285717,moderado,"Mucha preocupación, frustración, miedo, al no poder cumplir con los estándares, no sentirme con mucha emoción, tener miedo, no cumplir con las responsabilidades. Ir a terapia hablar con alguien que me acesore cambiar el método de estudio dejar procastrinar ",mucha preocuparación frustración miedo al no poder cumplir con los estándares no sentirme con mucha emoción tener miedo no cumplir con las responsabilidades ir a terapia hablar con alguien que me acesore cambiar el método de estudio dejar procastrinar,39,real
191,0,2,3,2,3,1,2,2,1,2,2,2,1,3,3,2,2,3,1,2,2,1,1,0,1,1,2,1,1,3,2,3,-1,1,2,1.6857142857142855,alto,"Nerviosa porque cada vez estoy mas cerca del final  y mi temor es lo que vaya a pasar de aquí en adelante, la dificultad y la exigencia que se viene y trato de no adelantarme a las cosas y de estar tranquila y motivada el cual me impulsa para crear el futuro que deseo ",nerviosa porque cada vez estoy mas cerca del final y mi temor es lo que vaya a parasar de aquí en adelante la dificultad y la exigencia que se viene y trato de no adelantarme a las cosas y de estar tranquila y motivada el cual me impulsa parara crear el futuro que deseo,54,real
192,0,2,2,0,2,2,1,2,3,0,1,1,0,1,2,1,1,1,2,1,3,1,0,0,0,0,0,0,2,2,1,2,3,2,1,1.2,moderado,Pienso que podría estresarme la cantidad de trabajos como el anterior semestre y pienso manejar la situación de manera tranquila y buscar una solución con anticipación y paciencia ,pienso que podría estresarme la cantidad de trabajos como el anterior semestre y pienso manejar la situación de manera tranquila y buscar una solución con anticiparación y paraciencia,28,real
193,1,2,2,1,3,1,1,1,1,0,2,1,0,2,2,1,1,2,1,1,1,2,1,0,1,1,1,2,2,1,1,2,2,2,2,1.3428571428571427,alto,"Este semestre me siento bien y satisfecha porque la mayoría de materias son prácticas, anteriormente me preocupaba o me estresaba la cantidad de trabajos por lo que era solo teoría y en estos momentos lo que podría estresar como en la mayoría de veces son los parciales. ",este semestre me siento bien y satisfecha porque la mayoría de materias son prácticas anteriormente me preocuparaba o me estresaba la cantidad de trabajos por lo que era solo teoría y en estos momentos lo que podría estresar como en la mayoría de veces son los pararciales,47,real
194,0,2,2,2,2,2,3,2,3,2,2,0,0,0,2,1,1,2,2,1,2,1,2,1,1,1,2,1,1,1,1,2,2,1,1,1.457142857142857,alto,"Me preocuparon las materias, pues al pensar que tan difícil pueden llegar a ser, ya me preocupa como los trabajos y talvez por alguna situación no poder cumplir con ellos ",me preocupararon las materias pues al pensar que tan difícil pueden llegar a ser ya me preocupara como los trabajos y talvez por alguna situación no poder cumplir con ellos,30,real
195,0,3,3,0,3,3,0,0,0,3,3,3,3,3,3,3,3,3,3,3,-3,-3,-3,-3,-3,-3,-3,-3,-3,-3,-3,-3,-3,-3,-3,0.0,bajo,Muy motivado para porque soy cumplido porque trato de a hacer las cosas ,muy motivado parara porque soy cumplido porque trato de a hacer las cosas,13,real
196,2,3,3,3,0,2,3,-3,1,0,-1,-1,-3,-3,-1,-1,1,1,-1,-1,2,0,1,1,1,1,-1,0,0,0,-1,1,1,-1,1,0.2857142857142857,bajo,Motivación porque ya es el último semestre ,motivación porque ya es el último semestre,7,real
197,0,3,3,2,3,1,3,-1,3,0,3,1,0,3,3,2,3,1,1,3,3,3,1,3,3,1,-3,2,1,3,-1,2,-3,1,-3,1.4285714285714286,alto,"Ya estoy terminando mi carrera pero me preocupaba en los semestres la modalidad de dar clases de el profesor, y el orden en el tablero, ya que eso influye mucho en como se entienden los temas",ya estoy terminando mi carrera pero me preocuparaba en los semestres la modalidad de dar clases de el profesor y el orden en el tablero ya que eso influye mucho en como se entienden los temas,36,real
198,2,3,3,-2,3,1,2,-3,2,1,2,1,2,3,2,2,1,2,-3,0,2,0,0,-3,-3,-3,0,0,3,2,1,-3,3,3,3,0.8285714285714286,moderado,Lo inmediato es culminar el semestre con buen promedio para no perder la beca. Me causa angustia el perder ya que hasta llegaría mi sueño profesional.,lo inmediato es culminar el semestre con buen promedio parara no perder la beca me causa angustia el perder ya que hasta llegaría mi sueño profesional,26,real
199,2,3,2,1,3,3,3,2,3,0,1,1,2,1,2,2,1,2,2,2,2,2,1,1,1,0,0,1,0,1,3,2,1,1,0,1.542857142857143,alto,Al comenzar un poco preocupada por lo que este semestre se vienes más cosas que en los antiguos me refiero a exposiciones… ,al comenzar un poco preocuparada por lo que este semestre se vienes más cosas que en los antiguos me refiero a exposiciones,22,real
200,0,3,2,2,2,0,3,-3,3,-3,2,0,0,-3,1,0,-2,0,1,0,0,0,2,3,0,0,0,0,3,1,2,1,1,3,1,0.7142857142857143,moderado,"Al principio me preocupaba que no ofertaron VII semestre noche y no podría matricular algunas materias, luego pensé que es la voluntad De Dios y no la mía y dejé fluir, simplemente son Situaciones que no dependen de mí y solo está en seguir y dejar que todo fluya. ",al principio me preocuparaba que no ofertaron vii semestre noche y no podría matricular algunas materias luego pensé que es la voluntad de dios y no la mía y dejé fluir simplemente son situaciones que no dependen de mí y solo está en seguir y dejar que todo fluya,49,real
201,3,2,2,2,3,3,3,3,3,3,3,3,3,3,3,3,3,3,2,2,2,2,2,2,1,2,3,3,3,3,3,3,3,1,1,2.5428571428571427,alto,Siendo ya casi el término de mi carrera me siento algo cansada tanto como por Trabajo laboral como por otro lado estar al pendiente de mis compromisos estudiantiles ,siendo ya casi el término de mi carrera me siento algo cansada tanto como por trabajo laboral como por otro lado estar al pendiente de mis compromisos estudiantiles,28,real
202,-3,3,3,3,3,0,0,-3,3,-3,2,0,0,-3,3,0,-3,0,2,-3,0,-3,3,0,2,1,-3,0,-3,3,3,3,-3,0,1,0.2285714285714285,bajo,Se siente algo de susto y emoción porque ya es el último semestre y se viene el proyecto de grado y demás gastos ,se siente algo de susto y emoción porque ya es el último semestre y se viene el proyecto de grado y demás gastos,23,real
203,2,3,2,1,3,2,2,1,3,2,2,2,1,3,2,2,2,2,2,3,2,2,2,2,3,3,3,1,2,-1,1,1,-1,1,2,1.8571428571428568,alto,"Siento preocupación al saber que es mi ultimo semestre y requiere de más responsabilidad, al tener tantos pendientes y viajar diario a la ciudad de popayan me preocupa no cumplir con mi objetivo,",siento preocuparación al saber que es mi ultimo semestre y requiere de más responsabilidad al tener tantos pendientes y viajar diario a la ciudad de poparayan me preocupara no cumplir con mi objetivo,33,real
204,0,2,2,0,2,2,3,1,3,1,2,2,-3,1,2,3,3,2,1,2,1,1,0,-3,2,3,0,0,0,3,1,3,3,2,3,1.4285714285714286,alto,Es el penúltimo semestre antes de que empiece lo más estresante que es el proyecto de grado :( ,es el penúltimo semestre antes de que empiece lo más estresante que es el proyecto de grado,18,real
205,0,3,3,0,2,2,1,0,3,2,3,2,1,1,3,2,1,1,2,1,1,2,1,1,1,1,1,1,2,1,1,1,1,1,1,1.4285714285714286,alto,Con la responsabilidad de terminar bien mi carrera académica y con la presión de las materias y los muchos trabajos que dejan. ,con la responsabilidad de terminar bien mi carrera académica y con la presión de las materias y los muchos trabajos que dejan,22,real
206,0,1,1,-3,1,1,1,0,1,-3,0,1,0,0,1,1,-2,0,0,-2,-1,-2,-2,-3,0,0,0,0,2,1,1,2,-3,1,1,-0.1142857142857142,bajo,"Me siento muy bien, con muchas expectativas. ",me siento muy bien con muchas expectativas,7,real
207,2,3,3,-3,3,1,3,1,3,3,2,1,2,2,2,2,2,3,2,2,1,1,0,1,1,0,2,1,2,2,3,2,1,3,0,1.6857142857142855,alto,"A veces bajo presión por no alcanzar a entregar un trabajo de investigación, o por dudar de si la información que busqué es la correcta ",a veces bajo presión por no alcanzar a entregar un trabajo de investigación o por dudar de si la información que busqué es la correcta,25,real
208,2,2,3,1,3,3,3,3,3,1,1,2,2,0,1,3,3,2,3,3,3,2,0,0,1,0,0,1,2,0,1,1,0,0,0,1.5714285714285714,alto,"Me preocua que no pueda cumplir con los objetivos académicos por temas labores, ya que al estar en un semestre más avanzados de requiere de más tiempo y dedicación",me preocua que no pueda cumplir con los objetivos académicos por temas labores ya que al estar en un semestre más avanzados de requiere de más tiempo y dedicación,29,real
209,2,2,2,1,2,2,1,1,3,2,2,2,1,0,1,2,2,1,1,1,1,1,0,0,1,2,1,1,2,0,3,2,3,2,0,1.4285714285714286,alto,Me estresa problemas de salud que presento y de mi madre ,me estresa problemas de salud que presento y de mi madre,11,real
210,0,2,2,0,3,2,2,1,2,3,3,3,3,2,3,2,2,3,1,2,1,0,3,3,2,1,2,2,3,3,2,3,3,2,2,2.085714285714286,alto,"Los cambios de horario intensivos, y mucho trabajo por qué son 7 materias y muchos trabajan ",los cambios de horario intensivos y mucho trabajo por qué son materias y muchos trabajan,16,real
211,1,1,2,1,1,1,1,1,0,1,2,0,0,0,2,1,1,0,2,3,2,2,0,1,2,2,0,1,-2,2,-1,2,1,1,-3,0.8857142857142857,moderado,Me intriga al saber que ya vamos  avanzando  y aun hay retos por mejorar ,me intriga al saber que ya vamos avanzando y aun hay retos por mejorar,14,real
212,0,1,3,1,0,0,2,2,2,0,3,0,0,0,0,1,0,1,3,3,0,0,0,1,3,3,0,0,-3,0,0,-1,3,-3,-3,0.6285714285714286,moderado,"Me puede estresar las extensos que pueden ser los trabajos y el poquito tiempo para entregarlo, así con las diferentes materia ",me puede estresar las extensos que pueden ser los trabajos y el poquito tiempo parara entregarlo así con las diferentes materia,21,real
213,3,3,1,-3,3,-3,1,3,-3,-3,-3,-3,-3,-3,-3,1,-3,-3,1,2,1,2,-3,-3,2,-3,-3,-3,3,0,-3,-3,3,-3,3,-0.7142857142857143,bajo,"Antes ingresar a la universidad, ahora terminar mi trabajo de grado",antes ingresar a la universidad ahora terminar mi trabajo de grado,11,real
214,0,0,0,0,-1,-1,-1,-1,-1,0,0,0,0,-1,0,0,0,0,-1,-1,-1,-1,0,0,-1,-1,0,-1,1,-1,0,0,-1,-1,-1,-0.4571428571428571,bajo,Con motivacion e insertidumbre,con motivacion e insertidumbre,4,real
215,3,2,2,1,2,1,3,0,3,0,3,1,0,0,2,3,2,1,3,2,3,2,1,1,3,0,0,3,3,3,2,2,3,2,0,1.7714285714285714,alto,"Dios, Tiempo, dedicación, dinero, paciencia, estrés, buenas notas, entendimiento, ayuda, familia, metas, propósitos, esfuerzos, trabajo, ",dios tiempo dedicación dinero paraciencia estrés buenas notas entendimiento ayuda familia metas propósitos esfuerzos trabajo,15,real
216,3,3,3,2,2,1,3,3,3,1,3,1,0,3,3,3,3,3,3,3,3,3,2,3,3,3,2,3,3,2,1,2,2,3,1,2.4285714285714284,alto,"Un poco estresado por las labores diarias, pero motivado a sacar la carrera adelante, me preocupa no responder bien a cada materia pero trato de estar tranquilo y pensar en otras cosas


",un poco estresado por las labores diarias pero motivado a sacar la carrera adelante me preocupara no responder bien a cada materia pero trato de estar tranquilo y pensar en otras cosas,32,real
217,0,3,3,0,3,3,3,1,3,2,2,3,0,3,2,3,0,3,3,3,3,2,1,0,2,0,3,3,3,1,3,1,2,2,2,2.0285714285714285,alto,Me siento bien a pesar de las dificultades debo continuar dando lo mejor ,me siento bien a pesar de las dificultades debo continuar dando lo mejor,13,real
218,0,0,2,-1,1,1,1,-2,2,-1,1,-3,-2,-2,2,0,0,0,1,-2,2,0,0,0,-2,-3,0,0,1,1,1,0,1,0,0,-0.0285714285714285,bajo,Me estresa saber que empezó el octavo semestre y devo empezar hacer la opción de grado o tesis ,me estresa saber que empezó el octavo semestre y devo empezar hacer la opción de grado o tesis,18,real
219,0,3,1,0,1,1,2,2,3,1,1,0,0,2,1,0,0,0,1,1,3,0,0,0,1,1,3,0,0,0,0,0,0,0,0,0.8,moderado,Al iniciar este semestres me siento animada y me preocupa no poder cumplir los objetivos y terminar bien el semestre ,al iniciar este semestres me siento animada y me preocupara no poder cumplir los objetivos y terminar bien el semestre,20,real
220,0,0,1,1,1,0,1,1,1,1,1,0,0,1,1,0,0,0,0,0,1,-3,-3,-3,-3,-3,0,3,3,0,3,2,3,2,1,0.3714285714285714,bajo,Pensar en trabajo de grado y escoger la tematica correscta ya que tengo muchas ideas.,pensar en trabajo de grado y escoger la tematica correscta ya que tengo muchas ideas,15,real
221,1,1,2,1,2,1,1,1,2,1,2,1,0,0,0,0,0,0,0,0,0,0,0,0,0,0,1,1,1,0,0,0,0,1,1,0.6,moderado,Muy bien muy tranquila todo se va dando en el transcurso del curso ,muy bien muy tranquila todo se va dando en el transcurso del curso,13,real
222,-1,1,1,-1,-1,1,-1,-1,-1,-1,-1,-1,1,1,0,-1,-1,1,0,-1,-1,-2,-1,-1,-2,-2,-1,-2,-1,-1,0,0,-1,-1,-1,-0.6571428571428571,bajo,"En estos últimas días me he estado muy destrozado por los trabajos personales, pero en el tema del estudio gracia a la madre tierra estoy bien",en estos últimas días me he estado muy destrozado por los trabajos personales pero en el tema del estudio gracia a la madre tierra estoy bien,26,real
223,3,3,3,1,3,3,3,3,3,3,3,3,2,3,2,2,2,3,3,3,3,1,1,1,2,3,3,-2,-3,1,2,2,3,-3,-3,1.8571428571428568,alto,Al comenzar este semestre me siento feliz y motivada porque estoy avanzando en mi carrera y cada vez estoy más cerca de terminarla. Antes me preocupaba no poder cumplir con todos los trabajos y responsabilidades,al comenzar este semestre me siento feliz y motivada porque estoy avanzando en mi carrera y cada vez estoy más cerca de terminarla antes me preocuparaba no poder cumplir con todos los trabajos y responsabilidades,35,real
224,2,2,2,0,2,2,1,-2,3,2,2,0,-3,0,2,1,0,0,0,0,-1,0,1,0,0,0,0,-1,0,1,2,3,1,0,0,0.6285714285714286,moderado,Lo que me preocupa es la carga académica de fin de semana. Puesto que se me acumula muchos talleres y actividades ,lo que me preocupara es la carga académica de fin de semana puesto que se me acumula muchos talleres y actividades,21,real
225,2,1,2,1,1,0,1,0,1,1,2,2,2,-1,0,-2,-2,-1,1,1,1,1,1,1,1,-1,1,-1,1,0,0,0,0,0,0,0.4857142857142857,moderado,"Angustia del trabajo de grado. La aplicación de normas APA. 
Las manejo interactuando con personas que ya pasaron los respectivos temas. ",angustia del trabajo de grado la aplicación de normas apara las manejo interactuando con personas que ya parasaron los respectivos temas,21,real
226,3,3,2,3,3,2,3,3,3,0,3,2,1,1,1,2,1,3,2,2,2,2,3,3,0,0,3,1,2,1,2,0,0,2,1,1.8571428571428568,alto,Cuando voy a iniciar el semestre me siento motivada xq se acerca más a la meta ,cuando voy a iniciar el semestre me siento motivada porque se acerca más a la meta,16,real
227,-3,0,-3,0,1,0,0,2,-3,-3,0,-3,-3,1,0,0,-3,-3,0,0,1,0,-3,-3,-3,-3,-3,0,2,2,3,3,2,2,1,-0.5428571428571428,bajo,Intriga por las nuevas actividades a poner en práctica ,intriga por las nuevas actividades a poner en práctica,9,real
228,1,2,2,-1,1,2,2,-1,3,1,1,1,1,2,2,1,0,1,1,-1,1,1,-1,0,1,-1,1,1,2,3,2,2,1,2,0,1.0285714285714285,moderado,Más responsabilidad organización y no mezclar el trabajo con lo académico ,más responsabilidad organización y no mezclar el trabajo con lo académico,11,real
229,1,-1,2,-1,2,-2,3,-2,-1,-3,0,1,-3,2,0,0,-2,2,1,2,2,1,2,-3,2,-2,-3,-2,-2,2,-2,-2,-2,-2,-1,-0.3142857142857143,bajo,"Relajado, responsabilidades y trabajo en equipo que asume en el entorno, el estrés podría ser presentar la tesis de grado de manejarlo ir asumiendo o trabajando en lo que se propone para evitar el estrés ",relajado responsabilidades y trabajo en equipo que asume en el entorno el estrés podría ser presentar la tesis de grado de manejarlo ir asumiendo o trabajando en lo que se propone parara evitar el estrés,35,real
230,0,1,1,0,2,2,3,2,1,0,1,1,1,0,0,0,1,0,1,0,0,0,0,0,0,0,0,0,2,2,2,2,2,3,3,0.9428571428571428,moderado,"Me siento bien, ya que ha mejorado mucha la temática de las clases ",me siento bien ya que ha mejorado mucha la temática de las clases,13,real
231,0,0,0,0,0,0,0,0,0,0,0,0,0,0,0,0,0,0,0,0,0,0,0,0,0,0,0,0,0,0,0,0,0,0,0,0.0,bajo,"Anteriores semestres me estresaba el dinero para mi sostenimiento, actualmente cuento con el apoyo de del fondo Álvaro ulcue ",anteriores semestres me estresaba el dinero parara mi sostenimiento actualmente cuento con el apoyo de del fondo álvaro ulcue,19,real
232,0,0,0,0,0,0,0,0,0,0,0,0,0,0,0,0,0,0,0,0,0,0,0,0,0,0,0,0,0,0,0,0,0,0,0,0.0,bajo,"La universidad me genera tranquilidad, frente a las dificultades que se tienen en la semana ",la universidad me genera tranquilidad frente a las dificultades que se tienen en la semana,15,real
233,0,1,0,0,1,1,1,1,1,0,0,0,0,0,0,0,0,0,1,0,0,0,0,0,0,0,0,0,1,2,2,1,1,1,2,0.4857142857142857,moderado,Busco superarme para salir adelante y aportar mi conocimiento a la comunidad de mi territorio ,busco superarme parara salir adelante y aportar mi conocimiento a la comunidad de mi territorio,15,real
234,2,2,2,1,2,1,2,1,2,0,1,0,0,0,1,1,1,0,1,0,0,1,0,0,1,0,1,0,2,2,2,0,0,2,1,0.9142857142857144,moderado,La distribución del tiempo y  traslado al lugar del estudio de donde hábito. ,la distribución del tiempo y traslado al lugar del estudio de donde hábito,13,real
235,-1,-2,-2,-2,-2,-2,-2,-1,-2,-1,-1,-2,-3,-2,-1,-2,-2,-2,-2,-1,-2,-2,-2,-2,-1,-1,-1,-1,-1,-2,-1,-1,-1,-1,-1,-1.5714285714285714,bajo,Con muchos ánimos de seguir y terminar el semestre academico,con muchos ánimos de seguir y terminar el semestre academico,10,real
236,2,2,2,1,2,1,1,0,0,0,1,0,0,0,1,2,0,0,0,0,1,0,0,0,0,0,0,0,0,0,0,0,-3,-1,0,0.3428571428571428,bajo,Motivado con la satisfacción  de que ya estoy en la recta  final  de terminar  la carrera ,motivado con la satisfacción de que ya estoy en la recta final de terminar la carrera,16,real
237,0,2,2,3,3,3,3,3,3,3,3,0,0,0,0,0,2,0,2,0,1,0,0,-3,0,-2,-3,-3,-3,0,-3,0,0,-1,-3,0.3428571428571428,bajo,Los salones no son óptimos para la recepción de clases,los salones no son óptimos parara la recepción de clases,10,real
238,3,2,3,2,2,2,3,3,2,2,3,2,2,1,2,3,2,2,-3,-3,-3,0,0,1,-2,-2,-2,-2,2,3,-2,-2,3,-2,3,0.8571428571428571,moderado,"El tema de muchos trabajos, me estresa pero se sobre llevar y ser responsables con mis materias me agrada, me siento motivada este semestre por qué querer es poder ",el tema de muchos trabajos me estresa pero se sobre llevar y ser responsables con mis materias me agrada me siento motivada este semestre por qué querer es poder,29,real
239,0,3,2,0,2,1,2,2,3,1,3,2,0,1,2,2,1,3,2,3,3,2,0,0,2,0,0,1,1,1,3,2,3,0,0,1.5142857142857142,alto,"Me sentí con nervios, miedo a las exposiciones, y cada fin de semestre me estresa el tema financiero, dónde conseguiré dinero para pagar mi matrícula ",me sentí con nervios miedo a las exposiciones y cada fin de semestre me estresa el tema financiero dónde conseguiré dinero parara paragar mi matrícula,25,real
240,0,3,3,0,-1,0,-1,3,3,0,2,1,0,0,3,0,0,0,2,1,2,0,1,0,0,0,3,0,2,2,0,0,3,0,3,1.0,moderado,Comienzo de este semestre siento preocupación al pensar que no finalizar por motivos personales pero la vez quiero seguir con mi profesión y ser la mejor en profesionales y personales,comienzo de este semestre siento preocuparación al pensar que no finalizar por motivos personales pero la vez quiero seguir con mi profesión y ser la mejor en profesionales y personales,30,real
241,2,2,2,-2,2,1,2,2,2,3,3,1,-1,2,2,3,2,3,2,3,2,1,2,2,1,-2,3,2,2,2,3,2,2,2,2,1.7714285714285714,alto,La matemática en el momento El trabajo de grado eso me tiene preocupado.,la matemática en el momento el trabajo de grado eso me tiene preocuparado,13,real
242,-3,3,3,2,2,2,1,2,2,-1,1,0,0,0,1,1,1,3,0,0,-1,1,0,0,-2,0,0,1,1,2,2,1,2,1,0,0.8,moderado,"Trabajo en semana y tuve que matricular una materia en diurna, y no pude matricular 2 materias se me quedan pendiente para poder culminar todas las materias de la carrera ",trabajo en semana y tuve que matricular una materia en diurna y no pude matricular materias se me quedan pendiente parara poder culminar todas las materias de la carrera,30,real
243,-3,-2,-2,-2,-3,-3,-2,-3,-1,-3,-2,-2,-3,-3,-2,-2,-2,-3,-2,-2,-3,-3,-2,-3,-2,-3,-3,-3,2,-2,2,-1,2,-1,-1,-1.9428571428571428,bajo,Me siento equilibradamente bien aunque económicamente no este en el mejor momento se que se  se podrá  seguir en la carrera ,me siento equilibradamente bien aunque económicamente no este en el mejor momento se que se se podrá seguir en la carrera,21,real
244,3,2,2,0,1,1,2,0,3,2,2,2,0,1,2,1,0,2,1,1,2,0,1,3,2,2,0,1,1,2,0,0,0,0,1,1.2285714285714286,moderado,El tiempo porque trabajo y los horarios de clases ,el tiempo porque trabajo y los horarios de clases,9,real
245,0,2,1,1,2,1,1,2,2,2,2,2,0,0,0,0,0,1,1,1,2,2,0,0,1,0,0,1,1,0,2,0,1,1,0,0.9142857142857144,moderado,Pues me siento un poco preocupado porque con algunos docentes nos ha tocado en salones muy pequeños y somos un grupo numeroso. Pero se puede solucionar hablando con los coordinadores para que nos asigne otro salón más amplio.,pues me siento un poco preocuparado porque con algunos docentes nos ha tocado en salones muy pequeños y somos un grupo numeroso pero se puede solucionar hablando con los coordinadores parara que nos asigne otro salón más amplio,38,real
246,-3,0,2,2,2,0,3,0,2,0,2,0,0,0,2,1,-1,-1,2,2,1,0,1,0,0,1,0,0,2,0,0,2,1,2,3,0.8,moderado,Bien gracias a Dios pero hay vamos ,bien gracias a dios pero hay vamos,7,real
247,0,1,1,0,1,0,0,-1,0,0,0,1,0,1,1,0,0,0,0,1,1,0,0,0,-2,-1,0,0,0,0,1,-1,1,0,0,0.1428571428571428,bajo,Por el tema de trabajo se me dificulta un poco ,por el tema de trabajo se me dificulta un poco,10,real
248,0,2,-1,0,-1,-1,1,1,-1,1,1,1,0,0,0,0,0,1,1,0,1,1,0,0,0,0,0,1,1,1,2,1,1,1,1,0.4571428571428571,bajo,Cunado comienzo el semestre lo que me preocupa es como voy asimilar las nuevas materias y si el tiempo de trabajo y casa  me va a dar para cumplir con ellas ,cunado comienzo el semestre lo que me preocupara es como voy asimilar las nuevas materias y si el tiempo de trabajo y casa me va a dar parara cumplir con ellas,31,real
249,-3,-3,-2,-3,-3,-3,-2,-3,-1,-3,-3,-3,-3,-3,-3,-3,-3,-3,-3,-3,-3,-3,-3,-3,-3,-3,-3,-3,-2,-3,-1,-3,-3,-3,-3,-2.8,bajo,"En éste semestre lo que había preocupación es, en el tema del horario ya que trabajo y tengo que pedir permiso después del medio día y eso genera estrés, por lo que depronto por temas laborales que en algún momento no pueda asistir a clase, y que la universidad no se ha dado de revisar esos temas del horario.",en éste semestre lo que había preocuparación es en el tema del horario ya que trabajo y tengo que pedir permiso después del medio día y eso genera estrés por lo que depronto por temas laborales que en algún momento no pueda asistir a clase y que la universidad no se ha dado de revisar esos temas del horario,59,real
250,1,3,3,1,2,1,1,1,2,2,2,-1,1,1,2,2,1,1,1,1,1,1,1,0,1,2,1,2,2,1,1,1,2,2,3,1.4,alto,"Al comenzar este semestre me siento motivado y con expectativas de aprender cosas nuevas. En semestres anteriores me preocupó la cantidad de trabajos y el manejo del tiempo. Ahora creo que podría estresarme por las evaluaciones y las fechas de entrega, pero pienso organizar mejor mi tiempo, establecer prioridades y mantener una actitud positiva para cumplir con mis responsabilidades académica.",al comenzar este semestre me siento motivado y con expectativas de aprender cosas nuevas en semestres anteriores me preocupó la cantidad de trabajos y el manejo del tiempo ahora creo que podría estresarme por las evaluaciones y las fechas de entrega pero pienso organizar mejor mi tiempo establecer prioridades y mantener una actitud positiva parara cumplir con mis responsabilidades académica,60,real
251,1,3,3,1,3,1,3,1,3,1,1,0,0,2,1,2,2,3,3,2,2,2,2,2,3,3,3,1,-1,3,3,3,1,1,0,1.8285714285714283,alto,"Con mucho ánimo de sacar mi carrera adelante, no entender los temas, la clase de inglés porque no Soy muy bueno en esa área ",con mucho ánimo de sacar mi carrera adelante no entender los temas la clase de inglés porque no soy muy bueno en esa área,24,real
252,0,2,2,-1,2,1,1,-1,0,-3,-1,-2,-3,-3,-1,-1,-2,-2,-2,-2,-2,-2,-2,-2,-2,-2,-3,-3,2,0,2,1,1,1,0,-0.7714285714285715,bajo,Exceso de tareas. manejar los tiempos en las diferentes materias para realizar todos las actividades ,exceso de tareas manejar los tiempos en las diferentes materias parara realizar todos las actividades,15,real
253,0,0,0,0,2,0,1,0,2,0,0,0,0,0,0,0,1,0,0,0,0,0,0,0,0,0,0,0,1,0,0,0,0,0,0,0.2,bajo,Muy buenas tardes nos estresa es el día viernes ingresar a clases antes de las seis que el día de uno trabaja los viernes hasta en la tarde o viaja ...,muy buenas tardes nos estresa es el día viernes ingresar a clases antes de las seis que el día de uno trabaja los viernes hasta en la tarde o viaja,31,real
254,3,-2,-2,-3,-2,-2,-1,2,2,-2,-2,0,-2,1,1,0,-1,1,2,2,2,-1,1,1,1,1,0,-1,-1,-3,-1,2,-1,-1,-3,-0.2571428571428571,bajo,"Tiempo, y cambio de horario, por el trabajo ",tiempo y cambio de horario por el trabajo,8,real
255,-3,-3,-3,-3,-3,-3,-3,-3,-3,-3,-3,-3,-3,-3,-3,-3,-3,-3,-3,-3,-3,-3,-3,-3,-3,-3,-3,-3,-3,-3,-3,-3,3,1,3,-2.5428571428571427,bajo,"Explosiones, muchos informes académicos, trabajos evaluación no entender al profesor muy largar más que todo para los de fines de semana ",explosiones muchos informes académicos trabajos evaluación no entender al profesor muy largar más que todo parara los de fines de semana,21,real
256,-3,-3,-3,-3,-2,-2,-2,-3,-3,-3,-3,-3,-2,-2,-3,-3,-3,-3,-3,-3,-3,-2,-3,-1,-3,-3,-2,-2,1,2,1,-3,-1,-1,-1,-2.171428571428572,bajo,"Muchos informes,evaluaciones, no entenderle al docente las horas muy extensas ",muchos informes evaluaciones no entenderle al docente las horas muy extensas,10,real
257,-3,3,1,0,0,0,0,-2,0,0,1,1,-3,1,2,2,0,0,2,0,0,0,1,-3,0,-3,-3,0,3,1,0,0,0,0,-2,-0.0285714285714285,bajo,1. Me siento bien 2. Que hacer con la carrera 3. No creo que me pueda estresar ,me siento bien que hacer con la carrera no creo que me pueda estresar,17,real
258,0,3,1,0,2,0,1,1,2,0,1,0,0,0,0,0,3,-3,-3,-3,-2,-3,-3,-3,-3,-3,-1,-1,2,-2,-2,0,3,1,1,-0.3142857142857143,bajo,"Con mucha actitud,  me preocupaba no obtener para la matrícula ...me puede estresar un poco el afecto ambiental del cambio Climático 🌎",con mucha actitud me preocuparaba no obtener parara la matrícula me puede estresar un poco el afecto ambiental del cambio climático,22,real
259,0,2,2,-1,1,1,1,2,0,-1,-1,-1,-2,2,0,1,1,-1,2,1,3,0,0,-1,0,-1,1,-2,1,0,1,0,2,2,-3,0.3428571428571428,bajo,"La. Metodología de las clases, deberían ser más prácticas. ",la metodología de las clases deberían ser más prácticas,9,real
260,3,0,0,1,0,0,1,0,1,0,2,1,1,0,1,1,1,1,1,0,0,0,0,0,1,1,0,1,0,2,0,1,0,0,1,0.6285714285714286,moderado,Lo que me preocupa son los horarios de clases. Teniendo en cuenta que trabajo de lunes a viernes.,lo que me preocupara son los horarios de clases teniendo en cuenta que trabajo de lunes a viernes,18,real
261,-1,-2,-2,-2,-2,-2,-2,-1,1,-2,-2,-2,-1,-1,-2,-1,-2,-2,-2,-2,-2,-2,-2,-2,-2,-2,-2,-2,-2,-2,-2,-2,-2,-3,-3,-1.8285714285714283,bajo,"Falta, de seriedad de la universidad, en los cambios de horario para los fines de semana ",falta de seriedad de la universidad en los cambios de horario parara los fines de semana,16,real
262,-3,-1,3,-3,0,0,0,3,0,0,0,0,0,0,-1,-1,0,-1,0,-3,1,-3,-3,-3,-3,-3,-2,-1,3,3,3,1,3,2,0,-0.2571428571428571,bajo,Ahora me preocupa como quedo el horario para el fin de semana pp,ahora me preocupara como quedo el horario parara el fin de semana pp,13,real
263,1,3,3,0,1,0,1,2,3,-1,-1,-3,-2,1,2,-1,2,2,2,1,2,0,1,2,1,0,-1,-1,0,0,0,3,-2,0,-3,0.5142857142857142,moderado,Con calma aver si puedo así hasta que me gradue,con calma aver si puedo así hasta que me gradue,10,real
264,1,2,2,0,3,2,3,0,1,0,2,0,0,3,1,0,2,3,1,1,1,2,-3,-3,1,-3,0,0,-1,-3,2,0,-3,2,1,0.5714285714285714,moderado,"Me he sentido estresado . Aveces no me queda tiempo , vibo en el campo y el trabajo alla es muy duro . Pero aqui seguimos adelante con  la ayuda de Dios. Todo es un esfuerzo para poder lograr algo ",me he sentido estresado aveces no me queda tiempo vibo en el campo y el trabajo alla es muy duro pero aqui seguimos adelante con la ayuda de dios todo es un esfuerzo parara poder lograr algo,40,real
265,2,1,2,1,1,-1,1,-3,1,-3,-3,-3,-3,-3,-3,-1,-3,-1,-3,-3,-3,-3,-1,-3,-3,-3,-1,2,2,1,1,1,2,2,0,-0.8571428571428571,bajo,"Lo que más me preocupaba era si podía pagar el semestre, ahora un tema de preocupacion es como poner en orden mis ideas sobre la opción de grado.debo orientarme con docentes para poner en orden mi ideas y poder enfocarme.",lo que más me preocuparaba era si podía paragar el semestre ahora un tema de preocuparacion es como poner en orden mis ideas sobre la opción de grado debo orientarme con docentes parara poner en orden mi ideas y poder enfocarme,40,real
266,1,2,1,0,2,2,1,1,2,0,1,0,0,3,1,1,1,2,0,2,3,1,0,1,1,0,0,1,1,0,2,0,2,0,2,1.0571428571428572,moderado,"
Al empezar este semestre siento esa mezcla de nervios y emoción que ya conozco de otros ciclos. Antes de comenzar, me preocupaba no estar lo suficientemente preparado o que los temas nuevos fueran muy pesados. Ahora creo que lo que más estrés me puede generar es la carga de trabajos y la organización del tiempo, porque sé que van a ser semanas intensas. Para manejar eso, voy a intentar planificar con anticipación, sin abrumarme con todo a la vez, y recordar que no tengo que hacerlo perfecto desde el día uno.",al empezar este semestre siento esa mezcla de nervios y emoción que ya conozco de otros ciclos antes de comenzar me preocuparaba no estar lo suficientemente prepararado o que los temas nuevos fueran muy pesados ahora creo que lo que más estrés me puede generar es la carga de trabajos y la organización del tiempo porque sé que van a ser semanas intensas parara manejar eso voy a intentar planificar con anticiparación sin abrumarme con todo a la vez y recordar que no tengo que hacerlo perfecto desde el día uno,91,real
267,-1,2,2,1,2,1,2,2,3,2,2,2,-1,2,2,1,2,2,1,2,2,1,0,1,2,1,1,1,1,2,2,0,0,1,1,1.3428571428571427,alto,Me preocupaba el no dar un buen rendimiento académico y alargar aún más la finalización de las materias por ver ,me preocuparaba el no dar un buen rendimiento académico y alargar aún más la finalización de las materias por ver,20,real
268,0,0,0,0,0,0,0,0,0,0,0,0,0,0,0,0,0,0,0,0,0,0,0,0,0,0,1,1,1,1,1,1,0,2,3,0.3142857142857143,bajo,"Ahora me abrumada ya que estoy en la etapa final de mi carrera y el peso se siente bastante, aún así intento dar lo mejor de mi. En semestres anteriores siendo honesta me sentía más motivada que en este.",ahora me abrumada ya que estoy en la etapara final de mi carrera y el peso se siente bastante aún así intento dar lo mejor de mi en semestres anteriores siendo honesta me sentía más motivada que en este,39,real
269,2,2,1,-3,0,1,3,-1,2,2,3,2,1,2,3,2,1,1,2,1,3,0,0,-1,1,1,-1,0,-2,0,0,1,0,0,0,0.8285714285714286,moderado,"La dificultad de la carrera, no sé si escogí lo que era para mi, estoy pensando en darme de baja ",la dificultad de la carrera no sé si escogí lo que era parara mi estoy pensando en darme de baja,20,real
270,0,0,0,0,0,0,1,0,1,1,2,0,0,0,0,0,0,0,0,0,0,0,0,0,0,0,0,0,0,0,0,0,0,0,0,0.1428571428571428,bajo,Manejar mejor mi tiempo para poder hacer trabajos y tener un poco más para repasar los parciales ,manejar mejor mi tiempo parara poder hacer trabajos y tener un poco más parara reparasar los pararciales,17,real
271,0,1,0,1,2,1,2,3,0,-3,-1,-2,-3,-1,-2,-2,-3,0,1,-2,1,-2,-2,-1,0,-2,-2,2,-3,2,2,0,-2,1,2,-0.3428571428571428,bajo,Ps anda normal pensé en meterle más ganas ya que el anterior casi lo pierdo entonces ps ya es más responsabilidad con los trabajos y repasar para parciales llevando todo con calma,ps anda normal pensé en meterle más ganas ya que el anterior casi lo pierdo entonces ps ya es más responsabilidad con los trabajos y reparasar parara pararciales llevando todo con calma,32,real
272,0,3,2,-1,1,1,3,2,2,1,1,2,0,1,1,0,1,2,2,1,3,1,0,-3,-3,0,-1,0,0,2,1,1,0,-1,0,0.7142857142857143,moderado,Está el momento me e sentido bien ,está el momento me e sentido bien,7,real
273,2,3,2,1,3,1,2,1,3,0,2,1,1,2,3,0,2,1,2,1,0,1,2,0,1,0,0,-1,-1,-2,-1,0,-3,-2,-3,0.6857142857142857,moderado,"Me preocupan materias en las que yo decía que antes era mucho mejor, pero a la medida que fue pasando el tiempo, en mi trabajo trabajo todo el día y no tenho tiempo de hacer mis trabajos y eso me preocupa mucho ",me preocuparan materias en las que yo decía que antes era mucho mejor pero a la medida que fue parasando el tiempo en mi trabajo trabajo todo el día y no tenho tiempo de hacer mis trabajos y eso me preocupara mucho,42,real
274,2,2,1,0,2,1,2,3,1,0,0,0,0,1,0,1,1,1,1,0,1,0,-1,0,2,1,-1,0,0,2,2,3,0,1,-2,0.7714285714285715,moderado,Por ahora el inicio de este semestre va todo bien,por ahora el inicio de este semestre va todo bien,10,real
275,1,-1,-2,0,-2,-1,0,0,-1,-1,2,1,0,0,-1,1,0,1,1,0,0,0,0,-1,1,-1,-1,0,2,-1,1,0,2,3,3,0.1714285714285714,bajo,Bien Melo hasta el momento nada de novedades ,bien melo hasta el momento nada de novedades,8,real
276,-3,1,1,-1,1,0,1,-1,1,-1,1,1,-1,1,1,-1,1,1,-1,1,1,-1,-1,-1,-1,-1,1,3,3,1,3,1,1,3,3,0.5142857142857142,moderado,Pues por el momento la práctica pero pues hay que tomarlo con calma y no intentar hacer todo de una sola vez ir paso a paso.,pues por el momento la práctica pero pues hay que tomarlo con calma y no intentar hacer todo de una sola vez ir paraso a paraso,26,real
277,0,0,2,0,0,0,1,0,0,0,0,0,0,0,0,0,-1,0,2,0,2,1,1,0,0,0,0,0,0,0,0,0,-3,-1,-1,0.0857142857142857,bajo,Lo único que me preocupaba fuera de la carrera era el dinero ,lo único que me preocuparaba fuera de la carrera era el dinero,12,real
278,0,3,3,0,0,-1,0,0,0,1,-1,3,1,-1,1,1,1,1,1,1,0,0,1,0,0,0,0,1,1,1,1,1,0,0,1,0.6,moderado,Estresada y muy preocupada por las diferentes tensiones de trabajos y la presión de que todo te salga bien,estresada y muy preocuparada por las diferentes tensiones de trabajos y la presión de que todo te salga bien,19,real
279,0,0,0,3,3,3,0,0,0,-3,-3,-3,-3,-3,3,0,-3,-3,0,0,0,-3,3,-3,-3,-3,-3,0,3,3,3,3,-3,0,0,-0.3428571428571428,bajo,"Al comenzar este semestre me siento motivada, pero también un poco preocupada. En semestres anteriores me preocupaba no entender algunos temas, acumular trabajos y no organizar bien mi tiempo. Ahora creo que podría estresarme por la cantidad de tareas y exámenes. Para manejarlo, pienso organizar mejor mis horarios, cumplir con mis trabajos a tiempo, estudiar con anticipación y pedir ayuda cuando no entienda algún tema.",al comenzar este semestre me siento motivada pero también un poco preocuparada en semestres anteriores me preocuparaba no entender algunos temas acumular trabajos y no organizar bien mi tiempo ahora creo que podría estresarme por la cantidad de tareas y exámenes parara manejarlo pienso organizar mejor mis horarios cumplir con mis trabajos a tiempo estudiar con anticiparación y pedir ayuda cuando no entienda algún tema,65,real
280,2,0,-1,0,1,1,1,1,1,-3,0,1,1,0,2,1,0,0,0,0,1,1,0,0,1,0,0,1,1,0,0,1,1,0,1,0.4571428571428571,bajo,"Al comenzar este semestre me siento muy motivada y con muchas ganas de seguir aprendiendo y avanzando en mi carrera. En semestres anteriores me preocupaba no poder organizar bien mi tiempo o cumplir con todos los trabajos. Ahora sé que podría estresarme por la carga académica y las responsabilidades, pero pienso manejarlo con organización, compromiso y una buena actitud. Quiero aprovechar este semestre para aprender, mejorar y seguir creciendo tanto académica como personalmente.",al comenzar este semestre me siento muy motivada y con muchas ganas de seguir aprendiendo y avanzando en mi carrera en semestres anteriores me preocuparaba no poder organizar bien mi tiempo o cumplir con todos los trabajos ahora sé que podría estresarme por la carga académica y las responsabilidades pero pienso manejarlo con organización compromiso y una buena actitud quiero aprovechar este semestre parara aprender mejorar y seguir creciendo tanto académica como personalmente,73,real
281,-3,0,0,-3,2,2,1,-2,1,-3,2,1,0,3,3,1,1,-3,3,2,1,1,0,0,1,2,1,2,0,0,0,1,-1,0,1,0.4857142857142857,moderado,"La comenzar me siento trabquilo normal, preparo lo que voy a tomar apuntes, me estresa cuando son materias de teoria, trato de respirar y comienzo a avanzar poco a poco",la comenzar me siento trabquilo normal prepararo lo que voy a tomar apuntes me estresa cuando son materias de teoria trato de respirar y comienzo a avanzar poco a poco,30,real
282,2,3,3,2,3,0,2,3,1,1,3,1,1,1,3,2,1,2,3,2,2,3,1,1,1,3,3,1,1,2,2,3,0,1,1,1.8285714285714283,alto,"Siempre con ansiedad, me da mucho estrés cuando no entiendo algún tema y no saber cómo manejarlo. ",siempre con ansiedad me da mucho estrés cuando no entiendo algún tema y no saber cómo manejarlo,17,real
283,2,2,2,-3,2,1,3,1,2,-2,1,0,-3,-2,1,1,2,1,2,1,2,2,1,0,1,-3,0,0,3,3,2,1,0,0,-3,0.6571428571428571,moderado,"Yo estudio y trabajo entonces siempre me ha preocupado perder mi empleo y es un sentimiento que siempre me acompaña, me estreso en los fines de mes suelo manejarlo con humor e intentar conservar la calma pues ya he pasado por momentos de alto estrés en estas fechas, ya estoy acostumbrada al corre corre de mis días aunque a veces me cuesta aprendí a manejar mis emociones con tal de no distraerme tanto en clases por temas laborales.",yo estudio y trabajo entonces siempre me ha preocuparado perder mi empleo y es un sentimiento que siempre me acomparaña me estreso en los fines de mes suelo manejarlo con humor e intentar conservar la calma pues ya he parasado por momentos de alto estrés en estas fechas ya estoy acostumbrada al corre corre de mis días aunque a veces me cuesta aprendí a manejar mis emociones con tal de no distraerme tanto en clases por temas laborales,78,real
284,0,3,3,3,3,1,1,0,3,0,3,0,0,0,3,3,2,3,3,2,0,3,3,0,1,0,0,3,0,3,3,2,0,3,0,1.6285714285714286,alto,Siento ansiedad y emoción ,siento ansiedad y emoción,4,real
285,3,1,2,1,1,1,1,-1,1,1,1,2,-2,-1,1,1,2,2,2,1,-1,-1,-1,1,1,2,1,1,-2,1,1,-1,-1,-3,-1,0.4857142857142857,moderado,"Al iniciar el semestre, la carga de estrés es bastante baja y empieza a incremento con el paso del semestre ",al iniciar el semestre la carga de estrés es bastante baja y empieza a incremento con el paraso del semestre,20,real
286,3,2,2,1,2,1,2,-3,2,-1,-1,-1,-2,1,2,2,2,2,1,1,1,2,2,1,2,1,2,-2,0,3,3,0,2,2,-2,1.0,moderado,Ahora se maneja más el estrés sin embargo el pensamiento existe debido a la carga académica que hay ,ahora se maneja más el estrés sin embargo el pensamiento existe debido a la carga académica que hay,18,real
287,1,3,3,1,3,2,3,2,3,3,3,3,2,3,3,3,3,3,2,3,2,3,2,2,3,3,3,1,1,2,2,1,1,1,1,2.2857142857142856,alto,"Antes no me preocupaba nada porque pensábamos que el taller 9 iba hacer relajado, pero cambiaron de arquitecto y todo fue mal",antes no me preocuparaba nada porque pensábamos que el taller iba hacer relajado pero cambiaron de arquitecto y todo fue mal,22,real
288,-3,3,3,3,3,2,2,2,3,3,3,2,2,3,3,2,3,3,3,3,3,3,2,2,3,3,3,2,1,2,2,2,1,2,3,2.342857142857143,alto,Una de las preocupaciones principales al iniciar el semestre es la saturación de los trabajos que se pueden presentar a lo largo de las primeras semanas,una de las preocuparaciones principarales al iniciar el semestre es la saturación de los trabajos que se pueden presentar a lo largo de las primeras semanas,26,real
289,-1,-1,-2,3,-2,-2,-3,-3,-2,0,-1,0,0,-2,0,-1,-1,-1,-2,-1,-1,-1,-1,-2,-2,0,0,-1,0,1,3,0,3,0,3,-0.5714285714285714,bajo,Me preocupa que ya debo estar iniciando con la tesis y no sé por dónde y cómo empezar. Me frustra pensar en ello y sobre todo porque no tengo un buen dominio ante el público.,me preocupara que ya debo estar iniciando con la tesis y no sé por dónde y cómo empezar me frustra pensar en ello y sobre todo porque no tengo un buen dominio ante el público,35,real
290,0,0,0,0,0,0,0,0,0,0,0,0,0,0,0,0,0,0,0,0,0,0,0,0,0,0,0,0,0,0,0,0,0,0,0,0.0,bajo,"Parce este semestre arranco chévere, ya sé cómo manejarme con las materias y siento que voy a rendir bien. Antes me ponía nervioso pero ya aprendí a organizarme y eso me ha funcionado.",amigo este semestre arranco bien ya sé cómo manejarme con las materias y siento que voy a rendir bien antes me ponía nervioso pero ya aprendí a organizarme y eso me ha funcionado,33,sintetico_bajo
291,0,0,0,0,0,0,0,0,0,0,0,0,0,0,0,0,0,0,0,0,0,0,0,0,0,0,0,0,0,0,0,0,0,0,0,0.0,bajo,"Bacano empezar un semestre nuevo, me siento con energía y con las pilas puestas. Las materias que vienen me parecen interesantes y creo que voy a poder con todo sin tanto drama.",bien empezar un semestre nuevo me siento con energía y con las pilas puestas las materias que vienen me parecen interesantes y creo que voy a poder con todo sin tanto drama,32,sintetico_bajo
292,0,0,0,0,0,0,0,0,0,0,0,0,0,0,0,0,0,0,0,0,0,0,0,0,0,0,0,0,0,0,0,0,0,0,0,0.0,bajo,"Qué nota comenzar este semestre, me siento muy bien y con ganas de aprender. Sé que habrá trabajos y parciales pero ya sé cómo manejarlos y no me estresan como antes.",qué nota comenzar este semestre me siento muy bien y con ganas de aprender sé que habrá trabajos y parciales pero ya sé cómo manejarlos y no me estresan como antes,31,sintetico_bajo
293,0,0,0,0,0,0,0,0,0,0,0,0,0,0,0,0,0,0,0,0,0,0,0,0,0,0,0,0,0,0,0,0,0,0,0,0.0,bajo,"Todo bien parce, me siento tranquilo y con buena actitud. Este semestre viene con materias que me gustan y creo que voy a poder sacarlas adelante sin tanto estrés.",todo bien amigo me siento tranquilo y con buena actitud este semestre viene con materias que me gustan y creo que voy a poder sacarlas adelante sin tanto estrés,29,sintetico_bajo
294,0,0,0,0,0,0,0,0,0,0,0,0,0,0,0,0,0,0,0,0,0,0,0,0,0,0,0,0,0,0,0,0,0,0,0,0.0,bajo,"Me siento muy bien al comenzar, ya cogí el ritmo de la universidad y sé qué esperar. Las notas del semestre pasado me dieron confianza y quiero mantener ese nivel.",me siento muy bien al comenzar ya cogí el ritmo de la universidad y sé qué esperar las notas del semestre pasado me dieron confianza y quiero mantener ese nivel,30,sintetico_bajo
295,0,0,0,0,0,0,0,0,0,0,0,0,0,0,0,0,0,0,0,0,0,0,0,0,0,0,0,0,0,0,0,0,0,0,0,0.0,bajo,"Chévere empezar de nuevo, tengo las materias claras y sé cómo organizarme. El semestre pasado me fue bien y eso me da tranquilidad para afrontar este sin tanta angustia.",bien empezar de nuevo tengo las materias claras y sé cómo organizarme el semestre pasado me fue bien y eso me da tranquilidad para afrontar este sin tanta angustia,29,sintetico_bajo
296,0,0,0,0,0,0,0,0,0,0,0,0,0,0,0,0,0,0,0,0,0,0,0,0,0,0,0,0,0,0,0,0,0,0,0,0.0,bajo,"Todo tranquilo por aquí, me siento listo para este semestre. Tengo mi horario organizado, sé cuáles son las materias más exigentes y ya tengo un plan para manejarlas.",todo tranquilo por aquí me siento listo para este semestre tengo mi horario organizado sé cuáles son las materias más exigentes y ya tengo un plan para manejarlas,28,sintetico_bajo
297,0,0,0,0,0,0,0,0,0,0,0,0,0,0,0,0,0,0,0,0,0,0,0,0,0,0,0,0,0,0,0,0,0,0,0,0.0,bajo,"Me siento bn al empezar, las vacaciones me cargaron las pilas y tengo ganas de volver a clase. No me preocupa nada en especial, siento que este va a ser buen semestre.",me siento bien al empezar las vacaciones me cargaron las pilas y tengo ganas de volver a clase no me preocupa nada en especial siento que este va a ser buen semestre,32,sintetico_bajo
298,0,0,0,0,0,0,0,0,0,0,0,0,0,0,0,0,0,0,0,0,0,0,0,0,0,0,0,0,0,0,0,0,0,0,0,0.0,bajo,"Arrancando bien el semestre, me siento motivado y con energía. Ya sé cómo funciona la universidad y eso me da ventaja para organizarme mejor y rendir más.",arrancando bien el semestre me siento motivado y con energía ya sé cómo funciona la universidad y eso me da ventaja para organizarme mejor y rendir más,27,sintetico_bajo
299,0,0,0,0,0,0,0,0,0,0,0,0,0,0,0,0,0,0,0,0,0,0,0,0,0,0,0,0,0,0,0,0,0,0,0,0.0,bajo,"Muy bien al comenzar este semestre, tengo claro lo que quiero lograr y cómo voy a lograrlo. El apoyo de mi familia me da mucha tranquilidad para enfrentar lo que viene.",muy bien al comenzar este semestre tengo claro lo que quiero lograr y cómo voy a lograrlo el apoyo de mi familia me da mucha tranquilidad para enfrentar lo que viene,31,sintetico_bajo
300,0,0,0,0,0,0,0,0,0,0,0,0,0,0,0,0,0,0,0,0,0,0,0,0,0,0,0,0,0,0,0,0,0,0,0,0.0,bajo,Al comenzar este semestre me siento motivado y con una actitud positiva. Las materias que cursaré me parecen interesantes y tengo estrategias claras para manejar la carga académica.,al comenzar este semestre me siento motivado y con una actitud positiva las materias que cursaré me parecen interesantes y tengo estrategias claras para manejar la carga académica,28,sintetico_bajo
301,0,0,0,0,0,0,0,0,0,0,0,0,0,0,0,0,0,0,0,0,0,0,0,0,0,0,0,0,0,0,0,0,0,0,0,0.0,bajo,Me siento tranquilo al iniciar este nuevo semestre. He aprendido de los anteriores y sé que con organización y dedicación puedo cumplir con todas mis responsabilidades académicas.,me siento tranquilo al iniciar este nuevo semestre he aprendido de los anteriores y sé que con organización y dedicación puedo cumplir con todas mis responsabilidades académicas,27,sintetico_bajo
302,0,0,0,0,0,0,0,0,0,0,0,0,0,0,0,0,0,0,0,0,0,0,0,0,0,0,0,0,0,0,0,0,0,0,0,0.0,bajo,Inicio este semestre con mucha energía y disposición. Las experiencias de semestres anteriores me han dado herramientas para manejar mejor el tiempo y el estrés académico.,inicio este semestre con mucha energía y disposición las experiencias de semestres anteriores me han dado herramientas para manejar mejor el tiempo y el estrés académico,26,sintetico_bajo
303,0,0,0,0,0,0,0,0,0,0,0,0,0,0,0,0,0,0,0,0,0,0,0,0,0,0,0,0,0,0,0,0,0,0,0,0.0,bajo,Me siento bien preparado para este semestre. Tengo un plan de estudio definido y confío en mis capacidades para afrontar los retos académicos que se presenten.,me siento bien preparado para este semestre tengo un plan de estudio definido y confío en mis capacidades para afrontar los retos académicos que se presenten,26,sintetico_bajo
304,0,0,0,0,0,0,0,0,0,0,0,0,0,0,0,0,0,0,0,0,0,0,0,0,0,0,0,0,0,0,0,0,0,0,0,0.0,bajo,Al comenzar siento entusiasmo y motivación. He organizado mi tiempo de manera que puedo atender todas mis materias sin sentirme agobiado y eso me da mucha tranquilidad.,al comenzar siento entusiasmo y motivación he organizado mi tiempo de manera que puedo atender todas mis materias sin sentirme agobiado y eso me da mucha tranquilidad,27,sintetico_bajo
305,0,0,0,0,0,0,0,0,0,0,0,0,0,0,0,0,0,0,0,0,0,0,0,0,0,0,0,0,0,0,0,0,0,0,0,0.0,bajo,"Me siento equilibrado emocionalmente al iniciar este semestre. Aunque sé que habrá momentos difíciles, tengo la experiencia y las herramientas para manejarlos de manera efectiva.",me siento equilibrado emocionalmente al iniciar este semestre aunque sé que habrá momentos difíciles tengo la experiencia y las herramientas para manejarlos de manera efectiva,25,sintetico_bajo
306,0,0,0,0,0,0,0,0,0,0,0,0,0,0,0,0,0,0,0,0,0,0,0,0,0,0,0,0,0,0,0,0,0,0,0,0.0,bajo,Inicio con buena actitud y confianza en mis capacidades. El semestre anterior me enseñó a manejar mejor los tiempos y eso me da ventaja para este nuevo periodo académico.,inicio con buena actitud y confianza en mis capacidades el semestre anterior me enseñó a manejar mejor los tiempos y eso me da ventaja para este nuevo periodo académico,29,sintetico_bajo
307,0,0,0,0,0,0,0,0,0,0,0,0,0,0,0,0,0,0,0,0,0,0,0,0,0,0,0,0,0,0,0,0,0,0,0,0.0,bajo,"Me siento listo para los retos de este semestre. Tengo el apoyo de mis compañeros y profesores, lo que me da seguridad para enfrentar las responsabilidades académicas con calma.",me siento listo para los retos de este semestre tengo el apoyo de mis compañeros y profesores lo que me da seguridad para enfrentar las responsabilidades académicas con calma,29,sintetico_bajo
308,0,0,0,0,0,0,0,0,0,0,0,0,0,0,0,0,0,0,0,0,0,0,0,0,0,0,0,0,0,0,0,0,0,0,0,0.0,bajo,Comienzo este semestre con una mentalidad positiva y organizada. He planificado mis actividades con anticipación y eso me permite sentirme en control de lo que viene.,comienzo este semestre con una mentalidad positiva y organizada he planificado mis actividades con anticipación y eso me permite sentirme en control de lo que viene,26,sintetico_bajo
309,0,0,0,0,0,0,0,0,0,0,0,0,0,0,0,0,0,0,0,0,0,0,0,0,0,0,0,0,0,0,0,0,0,0,0,0.0,bajo,Al iniciar me siento con energías renovadas y una perspectiva clara de lo que quiero lograr. La planificación previa me da confianza para afrontar el semestre sin angustias.,al iniciar me siento con energías renovadas y una perspectiva clara de lo que quiero lograr la planificación previa me da confianza para afrontar el semestre sin angustias,28,sintetico_bajo
310,0,0,0,0,0,0,0,0,0,0,0,0,0,0,0,0,0,0,0,0,0,0,0,0,0,0,0,0,0,0,0,0,0,0,0,0.0,bajo,Al comenzar este semestre experimento una sensación de tranquilidad y confianza en mis capacidades académicas. He desarrollado estrategias de estudio efectivas que me permiten abordar los retos con serenidad.,al comenzar este semestre experimento una sensación de tranquilidad y confianza en mis capacidades académicas he desarrollado estrategias de estudio efectivas que me permiten abordar los retos con serenidad,29,sintetico_bajo
311,0,0,0,0,0,0,0,0,0,0,0,0,0,0,0,0,0,0,0,0,0,0,0,0,0,0,0,0,0,0,0,0,0,0,0,0.0,bajo,Inicio este periodo académico con una actitud positiva y bien fundamentada. La experiencia acumulada en semestres anteriores me ha dotado de habilidades para gestionar adecuadamente la carga académica.,inicio este periodo académico con una actitud positiva y bien fundamentada la experiencia acumulada en semestres anteriores me ha dotado de habilidades para gestionar adecuadamente la carga académica,28,sintetico_bajo
312,0,0,0,0,0,0,0,0,0,0,0,0,0,0,0,0,0,0,0,0,0,0,0,0,0,0,0,0,0,0,0,0,0,0,0,0.0,bajo,Me encuentro en un estado de calma y motivación al comenzar el semestre. He aprendido a equilibrar mis responsabilidades académicas con el descanso necesario para mantener un buen rendimiento.,me encuentro en un estado de calma y motivación al comenzar el semestre he aprendido a equilibrar mis responsabilidades académicas con el descanso necesario para mantener un buen rendimiento,29,sintetico_bajo
313,0,0,0,0,0,0,0,0,0,0,0,0,0,0,0,0,0,0,0,0,0,0,0,0,0,0,0,0,0,0,0,0,0,0,0,0.0,bajo,Comienzo este semestre con la certeza de que cuento con las herramientas necesarias para alcanzar mis metas académicas. Mi organización y disciplina me generan confianza ante los desafíos por venir.,comienzo este semestre con la certeza de que cuento con las herramientas necesarias para alcanzar mis metas académicas mi organización y disciplina me generan confianza ante los desafíos por venir,30,sintetico_bajo
314,0,0,0,0,0,0,0,0,0,0,0,0,0,0,0,0,0,0,0,0,0,0,0,0,0,0,0,0,0,0,0,0,0,0,0,0.0,bajo,Al iniciar el semestre me siento emocionalmente estable y académicamente preparado. He establecido rutinas de estudio que me permiten cumplir con mis obligaciones sin experimentar niveles elevados de estrés.,al iniciar el semestre me siento emocionalmente estable y académicamente preparado he establecido rutinas de estudio que me permiten cumplir con mis obligaciones sin experimentar niveles elevados de estrés,29,sintetico_bajo
315,0,0,0,0,0,0,0,0,0,0,0,0,0,0,0,0,0,0,0,0,0,0,0,0,0,0,0,0,0,0,0,0,0,0,0,0.0,bajo,Experimento una sensación de control y bienestar al comenzar este nuevo periodo. Las lecciones aprendidas en semestres anteriores me han permitido desarrollar una actitud más resiliente ante los retos académicos.,experimento una sensación de control y bienestar al comenzar este nuevo periodo las lecciones aprendidas en semestres anteriores me han permitido desarrollar una actitud más resiliente ante los retos académicos,30,sintetico_bajo
316,0,0,0,0,0,0,0,0,0,0,0,0,0,0,0,0,0,0,0,0,0,0,0,0,0,0,0,0,0,0,0,0,0,0,0,0.0,bajo,Me encuentro motivado y con una perspectiva optimista al iniciar el semestre. Considero que mi preparación previa y el apoyo de mi entorno familiar me brindan una base sólida para el éxito académico.,me encuentro motivado y con una perspectiva optimista al iniciar el semestre considero que mi preparación previa y el apoyo de mi entorno familiar me brindan una base sólida para el éxito académico,33,sintetico_bajo
317,0,0,0,0,0,0,0,0,0,0,0,0,0,0,0,0,0,0,0,0,0,0,0,0,0,0,0,0,0,0,0,0,0,0,0,0.0,bajo,Inicio este semestre con plena confianza en mis capacidades y con un plan de acción claro. He identificado las áreas que requieren mayor atención y he diseñado estrategias específicas para abordarlas.,inicio este semestre con plena confianza en mis capacidades y con un plan de acción claro he identificado las áreas que requieren mayor atención y he diseñado estrategias específicas para abordarlas,31,sintetico_bajo
318,0,0,0,0,0,0,0,0,0,0,0,0,0,0,0,0,0,0,0,0,0,0,0,0,0,0,0,0,0,0,0,0,0,0,0,0.0,bajo,"Al comenzar el periodo académico experimento tranquilidad y entusiasmo. Reconozco los desafíos inherentes al semestre, pero confío en que mi preparación y organización me permitirán superarlos satisfactoriamente.",al comenzar el periodo académico experimento tranquilidad y entusiasmo reconozco los desafíos inherentes al semestre pero confío en que mi preparación y organización me permitirán superarlos satisfactoriamente,27,sintetico_bajo
319,0,0,0,0,0,0,0,0,0,0,0,0,0,0,0,0,0,0,0,0,0,0,0,0,0,0,0,0,0,0,0,0,0,0,0,0.0,bajo,"Me siento en una posición favorable al iniciar este semestre. He reflexionado sobre mis fortalezas y debilidades académicas, y he establecido objetivos realistas que me generan motivación sin producir ansiedad.",me siento en una posición favorable al iniciar este semestre he reflexionado sobre mis fortalezas y debilidades académicas y he establecido objetivos realistas que me generan motivación sin producir ansiedad,30,sintetico_bajo
320,0,0,0,0,0,0,0,0,0,0,0,0,0,0,0,0,0,0,0,0,0,0,0,0,0,0,0,0,0,0,0,0,0,0,0,0.0,bajo,Entro a la universidad con mucha emoción y ganas de aprender. Sé que será un cambio grande pero me siento preparado y emocionado por todo lo nuevo que viene en este camino.,entro a la universidad con mucha emoción y ganas de aprender sé que será un cambio grande pero me siento preparado y emocionado por todo lo nuevo que viene en este camino,32,sintetico_bajo
321,0,0,0,0,0,0,0,0,0,0,0,0,0,0,0,0,0,0,0,0,0,0,0,0,0,0,0,0,0,0,0,0,0,0,0,0.0,bajo,Es mi primer semestre y la verdad me siento muy bien. Entré a la carrera que quería y eso me tiene muy motivado para dar lo mejor de mí desde el primer día.,es mi primer semestre y la verdad me siento muy bien entré a la carrera que quería y eso me tiene muy motivado para dar lo mejor de mí desde el primer día,33,sintetico_bajo
322,0,0,0,0,0,0,0,0,0,0,0,0,0,0,0,0,0,0,0,0,0,0,0,0,0,0,0,0,0,0,0,0,0,0,0,0.0,bajo,"Estoy comenzando mi primer semestre en la universidad y aunque es nuevo para mí, me siento con energía y ganas. Mi familia me apoya mucho y eso me da mucha tranquilidad.",estoy comenzando mi primer semestre en la universidad y aunque es nuevo para mí me siento con energía y ganas mi familia me apoya mucho y eso me da mucha tranquilidad,31,sintetico_bajo
323,0,0,0,0,0,0,0,0,0,0,0,0,0,0,0,0,0,0,0,0,0,0,0,0,0,0,0,0,0,0,0,0,0,0,0,0.0,bajo,Inicio la universidad emocionado y listo para aprender. Claro que hay cosas nuevas que aprender pero lo veo como una aventura y no como algo que me deba asustar.,inicio la universidad emocionado y listo para aprender claro que hay cosas nuevas que aprender pero lo veo como una aventura y no como algo que me deba asustar,29,sintetico_bajo
324,0,0,0,0,0,0,0,0,0,0,0,0,0,0,0,0,0,0,0,0,0,0,0,0,0,0,0,0,0,0,0,0,0,0,0,0.0,bajo,Es una nueva etapa que espero con mucho entusiasmo. Me preparé bien para ingresar y siento que estoy listo para asumir los retos que trae la vida universitaria con buena actitud.,es una nueva etapa que espero con mucho entusiasmo me preparé bien para ingresar y siento que estoy listo para asumir los retos que trae la vida universitaria con buena actitud,31,sintetico_bajo
325,0,0,0,0,0,0,0,0,0,0,0,0,0,0,0,0,0,0,0,0,0,0,0,0,0,0,0,0,0,0,0,0,0,0,0,0.0,bajo,Estoy en mi último semestre y me siento muy tranquilo. Después de tantos años he aprendido a manejarme bien académicamente y lo que queda es terminar con la misma dedicación de siempre.,estoy en mi último semestre y me siento muy tranquilo después de tantos años he aprendido a manejarme bien académicamente y lo que queda es terminar con la misma dedicación de siempre,32,sintetico_bajo
326,0,0,0,0,0,0,0,0,0,0,0,0,0,0,0,0,0,0,0,0,0,0,0,0,0,0,0,0,0,0,0,0,0,0,0,0.0,bajo,Ya casi me gradúo y la verdad me siento muy bien. Este semestre es el último empuje y tengo toda la motivación para terminarlo de la mejor manera posible.,ya casi me gradúo y la verdad me siento muy bien este semestre es el último empuje y tengo toda la motivación para terminarlo de la mejor manera posible,29,sintetico_bajo
327,0,0,0,0,0,0,0,0,0,0,0,0,0,0,0,0,0,0,0,0,0,0,0,0,0,0,0,0,0,0,0,0,0,0,0,0.0,bajo,"Último semestre y me siento tranquilo y emocionado a la vez. Sé lo que me espera, tengo experiencia para manejarlo y la meta de graduarme me da mucha fuerza.",último semestre y me siento tranquilo y emocionado a la vez sé lo que me espera tengo experiencia para manejarlo y la meta de graduarme me da mucha fuerza,29,sintetico_bajo
328,0,0,0,0,0,0,0,0,0,0,0,0,0,0,0,0,0,0,0,0,0,0,0,0,0,0,0,0,0,0,0,0,0,0,0,0.0,bajo,En mi último semestre me siento con mucha energía para terminar bien. He superado cosas más difíciles antes y esto lo veo como la recta final antes de lograr mi título.,en mi último semestre me siento con mucha energía para terminar bien he superado cosas más difíciles antes y esto lo veo como la recta final antes de lograr mi título,31,sintetico_bajo
329,0,0,0,0,0,0,0,0,0,0,0,0,0,0,0,0,0,0,0,0,0,0,0,0,0,0,0,0,0,0,0,0,0,0,0,0.0,bajo,"Este es mi semestre de grado y lo inicio con tranquilidad y gratitud. He recorrido un camino largo y aprendido mucho, ahora solo queda enfocarse en terminar bien.",este es mi semestre de grado y lo inicio con tranquilidad y gratitud he recorrido un camino largo y aprendido mucho ahora solo queda enfocarse en terminar bien,28,sintetico_bajo
330,0,0,0,0,0,0,0,0,0,0,0,0,0,0,0,0,0,0,0,0,0,0,0,0,0,0,0,0,0,0,0,0,0,0,0,0.0,bajo,Regreso de mi práctica empresarial con mucha experiencia y motivación. Ver cómo se aplica lo aprendido en la universidad me da aún más ganas de terminar mi carrera con excelencia.,regreso de mi práctica empresarial con mucha experiencia y motivación ver cómo se aplica lo aprendido en la universidad me da aún más ganas de terminar mi carrera con excelencia,30,sintetico_bajo
331,0,0,0,0,0,0,0,0,0,0,0,0,0,0,0,0,0,0,0,0,0,0,0,0,0,0,0,0,0,0,0,0,0,0,0,0.0,bajo,Después de la práctica me siento mucho más seguro de mis conocimientos. La experiencia laboral me mostró que estoy bien preparado y eso me da confianza para este semestre.,después de la práctica me siento mucho más seguro de mis conocimientos la experiencia laboral me mostró que estoy bien preparado y eso me da confianza para este semestre,29,sintetico_bajo
332,0,0,0,0,0,0,0,0,0,0,0,0,0,0,0,0,0,0,0,0,0,0,0,0,0,0,0,0,0,0,0,0,0,0,0,0.0,bajo,Volver a las aulas después de la práctica es emocionante. La experiencia que adquirí me hace ver las materias desde otra perspectiva y me motiva a profundizar más en lo que aprendo.,volver a las aulas después de la práctica es emocionante la experiencia que adquirí me hace ver las materias desde otra perspectiva y me motiva a profundizar más en lo que aprendo,32,sintetico_bajo
333,0,0,0,0,0,0,0,0,0,0,0,0,0,0,0,0,0,0,0,0,0,0,0,0,0,0,0,0,0,0,0,0,0,0,0,0.0,bajo,Regreso a la universidad después de un semestre de descanso y me siento renovado. Tengo las energías recargadas y una perspectiva más clara de lo que quiero lograr con mi carrera.,regreso a la universidad después de un semestre de descanso y me siento renovado tengo las energías recargadas y una perspectiva más clara de lo que quiero lograr con mi carrera,31,sintetico_bajo
334,0,0,0,0,0,0,0,0,0,0,0,0,0,0,0,0,0,0,0,0,0,0,0,0,0,0,0,0,0,0,0,0,0,0,0,0.0,bajo,Vuelvo este semestre con más madurez y claridad sobre mis metas. El tiempo de pausa me ayudó a reorganizarme y ahora me siento mucho más preparado para afrontar los retos académicos.,vuelvo este semestre con más madurez y claridad sobre mis metas el tiempo de pausa me ayudó a reorganizarme y ahora me siento mucho más preparado para afrontar los retos académicos,31,sintetico_bajo
335,0,0,0,0,0,0,0,0,0,0,0,0,0,0,0,0,0,0,0,0,0,0,0,0,0,0,0,0,0,0,0,0,0,0,0,0.0,bajo,Combino trabajo y estudio hace dos semestres y ya aprendí a organizarme bien. Sé que es exigente pero tengo una rutina establecida que me funciona y me siento en control.,combino trabajo y estudio hace dos semestres y ya aprendí a organizarme bien sé que es exigente pero tengo una rutina establecida que me funciona y me siento en control,30,sintetico_bajo
336,0,0,0,0,0,0,0,0,0,0,0,0,0,0,0,0,0,0,0,0,0,0,0,0,0,0,0,0,0,0,0,0,0,0,0,0.0,bajo,"Trabajar y estudiar al mismo tiempo ya no me parece imposible, he aprendido a manejar los dos. Este semestre lo inicio con confianza porque ya sé cómo distribuir mi tiempo.",trabajar y estudiar al mismo tiempo ya no me parece imposible he aprendido a manejar los dos este semestre lo inicio con confianza porque ya sé cómo distribuir mi tiempo,30,sintetico_bajo
337,0,0,0,0,0,0,0,0,0,0,0,0,0,0,0,0,0,0,0,0,0,0,0,0,0,0,0,0,0,0,0,0,0,0,0,0.0,bajo,Aunque trabajo y estudio siento que este semestre va a ir bien. He mejorado mucho en organización y eso me permite cumplir con ambas responsabilidades sin sentirme agobiado.,aunque trabajo y estudio siento que este semestre va a ir bien he mejorado mucho en organización y eso me permite cumplir con ambas responsabilidades sin sentirme agobiado,28,sintetico_bajo
338,0,0,0,0,0,0,0,0,0,0,0,0,0,0,0,0,0,0,0,0,0,0,0,0,0,0,0,0,0,0,0,0,0,0,0,0.0,bajo,En ingeniería de sistemas ya sé que los semestres son intensos pero me gusta lo que hago y eso hace todo más manejable. Inicio con buena actitud y listo para aprender.,en ingeniería de sistemas ya sé que los semestres son intensos pero me gusta lo que hago y eso hace todo más manejable inicio con buena actitud y listo para aprender,31,sintetico_bajo
339,0,0,0,0,0,0,0,0,0,0,0,0,0,0,0,0,0,0,0,0,0,0,0,0,0,0,0,0,0,0,0,0,0,0,0,0.0,bajo,Estudiando administración me siento muy tranquilo al comenzar. Las materias que vienen las veo interesantes y sé que con dedicación puedo sacar buenos resultados este semestre.,estudiando administración me siento muy tranquilo al comenzar las materias que vienen las veo interesantes y sé que con dedicación puedo sacar buenos resultados este semestre,26,sintetico_bajo
340,0,0,0,0,0,0,0,0,0,0,0,0,0,0,0,0,0,0,0,0,0,0,0,0,0,0,0,0,0,0,0,0,0,0,0,0.0,bajo,En mi carrera de psicología me apasiona lo que aprendo y eso hace que el estrés sea menor. Inicio este semestre emocionado por los nuevos temas y las prácticas que vienen.,en mi carrera de psicología me apasiona lo que aprendo y eso hace que el estrés sea menor inicio este semestre emocionado por los nuevos temas y las prácticas que vienen,31,sintetico_bajo
341,0,0,0,0,0,0,0,0,0,0,0,0,0,0,0,0,0,0,0,0,0,0,0,0,0,0,0,0,0,0,0,0,0,0,0,0.0,bajo,"Medicina es exigente pero me encanta y eso me mantiene motivado. Comienzo este semestre con energía, sabiendo que cada día aprendo algo que me acerca más a ser el profesional que quiero ser.",medicina es exigente pero me encanta y eso me mantiene motivado comienzo este semestre con energía sabiendo que cada día aprendo algo que me acerca más a ser el profesional que quiero ser,33,sintetico_bajo
342,0,0,0,0,0,0,0,0,0,0,0,0,0,0,0,0,0,0,0,0,0,0,0,0,0,0,0,0,0,0,0,0,0,0,0,0.0,bajo,En contaduría ya sé cómo manejar la carga académica y este semestre no es la excepción. Tengo mi plan de estudio listo y me siento tranquilo para afrontarlo.,en contaduría ya sé cómo manejar la carga académica y este semestre no es la excepción tengo mi plan de estudio listo y me siento tranquilo para afrontarlo,28,sintetico_bajo
343,0,0,0,0,0,0,0,0,0,0,0,0,0,0,0,0,0,0,0,0,0,0,0,0,0,0,0,0,0,0,0,0,0,0,0,0.0,bajo,Diseño gráfico me tiene muy emocionado este semestre por los proyectos creativos que se vienen. Siento que es el área donde más disfruto aprender y eso me motiva naturalmente.,diseño gráfico me tiene muy emocionado este semestre por los proyectos creativos que se vienen siento que es el área donde más disfruto aprender y eso me motiva naturalmente,29,sintetico_bajo
344,0,0,0,0,0,0,0,0,0,0,0,0,0,0,0,0,0,0,0,0,0,0,0,0,0,0,0,0,0,0,0,0,0,0,0,0.0,bajo,En derecho el semestre siempre viene cargado pero ya aprendí a no angustiarme. Tengo mis técnicas de estudio definidas y sé que con disciplina puedo sacar adelante todas las materias.,en derecho el semestre siempre viene cargado pero ya aprendí a no angustiarme tengo mis técnicas de estudio definidas y sé que con disciplina puedo sacar adelante todas las materias,30,sintetico_bajo
345,0,0,0,0,0,0,0,0,0,0,0,0,0,0,0,0,0,0,0,0,0,0,0,0,0,0,0,0,0,0,0,0,0,0,0,0.0,bajo,Estudiando enfermería me siento muy motivado por la vocación de servicio que tengo. El semestre viene con práctica clínica y eso me entusiasma mucho más que me preocupa.,estudiando enfermería me siento muy motivado por la vocación de servicio que tengo el semestre viene con práctica clínica y eso me entusiasma mucho más que me preocupa,28,sintetico_bajo
346,0,0,0,0,0,0,0,0,0,0,0,0,0,0,0,0,0,0,0,0,0,0,0,0,0,0,0,0,0,0,0,0,0,0,0,0.0,bajo,El apoyo de mi familia es lo que más me da tranquilidad al iniciar cada semestre. Saber que cuento con ellos hace que los retos académicos se sientan mucho más manejables.,el apoyo de mi familia es lo que más me da tranquilidad al iniciar cada semestre saber que cuento con ellos hace que los retos académicos se sientan mucho más manejables,31,sintetico_bajo
347,0,0,0,0,0,0,0,0,0,0,0,0,0,0,0,0,0,0,0,0,0,0,0,0,0,0,0,0,0,0,0,0,0,0,0,0.0,bajo,Tengo un grupo de estudio muy bueno y eso hace toda la diferencia. Comenzamos el semestre organizados y con ganas de apoyarnos mutuamente para sacar buenas notas.,tengo un grupo de estudio muy bueno y eso hace toda la diferencia comenzamos el semestre organizados y con ganas de apoyarnos mutuamente para sacar buenas notas,27,sintetico_bajo
348,0,0,0,0,0,0,0,0,0,0,0,0,0,0,0,0,0,0,0,0,0,0,0,0,0,0,0,0,0,0,0,0,0,0,0,0.0,bajo,Mi familia siempre me apoya y eso me da una base muy sólida para enfrentar cada semestre con calma. Inicio este periodo académico sintiéndome acompañado y con mucha motivación.,mi familia siempre me apoya y eso me da una base muy sólida para enfrentar cada semestre con calma inicio este periodo académico sintiéndome acompañado y con mucha motivación,29,sintetico_bajo
349,0,0,0,0,0,0,0,0,0,0,0,0,0,0,0,0,0,0,0,0,0,0,0,0,0,0,0,0,0,0,0,0,0,0,0,0.0,bajo,Tengo amigos en la carrera con quienes nos organizamos desde el primer día. Eso nos da ventaja y hace que el semestre sea más llevadero y menos estresante para todos.,tengo amigos en la carrera con quienes nos organizamos desde el primer día eso nos da ventaja y hace que el semestre sea más llevadero y menos estresante para todos,30,sintetico_bajo
350,0,0,0,0,0,0,0,0,0,0,0,0,0,0,0,0,0,0,0,0,0,0,0,0,0,0,0,0,0,0,0,0,0,0,0,0.0,bajo,Tengo muy claro lo que quiero lograr este semestre y eso me da dirección. Cada materia representa un paso hacia mi meta de graduarme y eso me mantiene motivado día a día.,tengo muy claro lo que quiero lograr este semestre y eso me da dirección cada materia representa un paso hacia mi meta de graduarme y eso me mantiene motivado día a día,32,sintetico_bajo
351,0,0,0,0,0,0,0,0,0,0,0,0,0,0,0,0,0,0,0,0,0,0,0,0,0,0,0,0,0,0,0,0,0,0,0,0.0,bajo,"Este semestre me propuse mantener el promedio que llevo y creo que puedo lograrlo. Tengo el plan, la disciplina y las ganas para hacerlo realidad.",este semestre me propuse mantener el promedio que llevo y creo que puedo lograrlo tengo el plan la disciplina y las ganas para hacerlo realidad,25,sintetico_bajo
352,0,0,0,0,0,0,0,0,0,0,0,0,0,0,0,0,0,0,0,0,0,0,0,0,0,0,0,0,0,0,0,0,0,0,0,0.0,bajo,Me puse metas concretas para este semestre y eso me da mucha motivación. Saber hacia dónde voy hace que el esfuerzo valga la pena y no se sienta como una carga.,me puse metas concretas para este semestre y eso me da mucha motivación saber hacia dónde voy hace que el esfuerzo valga la pena y no se sienta como una carga,31,sintetico_bajo
353,0,0,0,0,0,0,0,0,0,0,0,0,0,0,0,0,0,0,0,0,0,0,0,0,0,0,0,0,0,0,0,0,0,0,0,0.0,bajo,Inicio con objetivos claros y alcanzables. He aprendido que tener metas específicas me ayuda a mantener el enfoque sin angustiarme por todo lo que hay que hacer.,inicio con objetivos claros y alcanzables he aprendido que tener metas específicas me ayuda a mantener el enfoque sin angustiarme por todo lo que hay que hacer,27,sintetico_bajo
354,0,0,0,0,0,0,0,0,0,0,0,0,0,0,0,0,0,0,0,0,0,0,0,0,0,0,0,0,0,0,0,0,0,0,0,0.0,bajo,"Me siento físicamente bien y eso influye mucho en mi rendimiento académico. Duermo bien, como bien y hago deporte, lo que me da la energía necesaria para enfrentar el semestre.",me siento físicamente bien y eso influye mucho en mi rendimiento académico duermo bien como bien y hago deporte lo que me da la energía necesaria para enfrentar el semestre,30,sintetico_bajo
355,0,0,0,0,0,0,0,0,0,0,0,0,0,0,0,0,0,0,0,0,0,0,0,0,0,0,0,0,0,0,0,0,0,0,0,0.0,bajo,He aprendido a cuidar mi bienestar mientras estudio y eso cambia todo. Este semestre inicio con buenos hábitos de sueño y alimentación que sé que me van a ayudar mucho.,he aprendido a cuidar mi bienestar mientras estudio y eso cambia todo este semestre inicio con buenos hábitos de sueño y alimentación que sé que me van a ayudar mucho,30,sintetico_bajo
356,0,0,0,0,0,0,0,0,0,0,0,0,0,0,0,0,0,0,0,0,0,0,0,0,0,0,0,0,0,0,0,0,0,0,0,0.0,bajo,"El ejercicio me ayuda a mantener el estrés bajo control y este semestre lo voy a seguir haciendo. Inicio con energía, buen humor y con ganas de aprender.",el ejercicio me ayuda a mantener el estrés bajo control y este semestre lo voy a seguir haciendo inicio con energía buen humor y con ganas de aprender,28,sintetico_bajo
357,0,0,0,0,0,0,0,0,0,0,0,0,0,0,0,0,0,0,0,0,0,0,0,0,0,0,0,0,0,0,0,0,0,0,0,0.0,bajo,He trabajado en mi bienestar emocional y eso se refleja en cómo enfrento la universidad. Este semestre siento que tengo más herramientas internas para manejar los retos académicos.,he trabajado en mi bienestar emocional y eso se refleja en cómo enfrento la universidad este semestre siento que tengo más herramientas internas para manejar los retos académicos,28,sintetico_bajo
358,0,0,0,0,0,0,0,0,0,0,0,0,0,0,0,0,0,0,0,0,0,0,0,0,0,0,0,0,0,0,0,0,0,0,0,0.0,bajo,El semestre pasado fue retador pero aprendí mucho de esa experiencia. Este nuevo periodo lo inicio con las lecciones aprendidas y con una actitud más madura y positiva.,el semestre pasado fue retador pero aprendí mucho de esa experiencia este nuevo periodo lo inicio con las lecciones aprendidas y con una actitud más madura y positiva,28,sintetico_bajo
359,0,0,0,0,0,0,0,0,0,0,0,0,0,0,0,0,0,0,0,0,0,0,0,0,0,0,0,0,0,0,0,0,0,0,0,0.0,bajo,"Aunque el semestre anterior tuvo sus dificultades, lo superé y eso me hizo más fuerte. Ahora inicio con más confianza en mí mismo y con mejores estrategias para enfrentar lo que viene.",aunque el semestre anterior tuvo sus dificultades lo superé y eso me hizo más fuerte ahora inicio con más confianza en mí mismo y con mejores estrategias para enfrentar lo que viene,32,sintetico_bajo
360,0,0,0,0,0,0,0,0,0,0,0,0,0,0,0,0,0,0,0,0,0,0,0,0,0,0,0,0,0,0,0,0,0,0,0,0.0,bajo,Después de un semestre difícil aprendí mucho sobre mí mismo y sobre cómo estudiar mejor. Ahora inicio este nuevo periodo con claridad y mucha más confianza en mis capacidades.,después de un semestre difícil aprendí mucho sobre mí mismo y sobre cómo estudiar mejor ahora inicio este nuevo periodo con claridad y mucha más confianza en mis capacidades,29,sintetico_bajo
361,0,0,0,0,0,0,0,0,0,0,0,0,0,0,0,0,0,0,0,0,0,0,0,0,0,0,0,0,0,0,0,0,0,0,0,0.0,bajo,"Comienzo el semestre con mucha calma. Tengo mis materias organizadas, sé qué profesores tengo y ya me puse de acuerdo con mis compañeros para estudiar juntos. Todo pinta bien.",comienzo el semestre con mucha calma tengo mis materias organizadas sé qué profesores tengo y ya me puse de acuerdo con mis compañeros para estudiar juntos todo pinta bien,29,sintetico_bajo
362,0,0,0,0,0,0,0,0,0,0,0,0,0,0,0,0,0,0,0,0,0,0,0,0,0,0,0,0,0,0,0,0,0,0,0,0.0,bajo,Este semestre lo inicio con una sonrisa. He madurado mucho como estudiante y sé que con esfuerzo constante puedo lograr todo lo que me proponga académicamente.,este semestre lo inicio con una sonrisa he madurado mucho como estudiante y sé que con esfuerzo constante puedo lograr todo lo que me proponga académicamente,26,sintetico_bajo
363,0,0,0,0,0,0,0,0,0,0,0,0,0,0,0,0,0,0,0,0,0,0,0,0,0,0,0,0,0,0,0,0,0,0,0,0.0,bajo,Empiezo el semestre renovado y con ideas frescas. Las vacaciones me dieron perspectiva y ahora veo mi carrera con más entusiasmo que antes. Va a ser un buen semestre.,empiezo el semestre renovado y con ideas frescas las vacaciones me dieron perspectiva y ahora veo mi carrera con más entusiasmo que antes va a ser un buen semestre,29,sintetico_bajo
364,0,0,0,0,0,0,0,0,0,0,0,0,0,0,0,0,0,0,0,0,0,0,0,0,0,0,0,0,0,0,0,0,0,0,0,0.0,bajo,"Me siento muy bien al comenzar. Tengo todo listo, mi horario organizado y mis materiales preparados. La anticipación me ayuda a sentirme en control desde el primer día.",me siento muy bien al comenzar tengo todo listo mi horario organizado y mis materiales preparados la anticipación me ayuda a sentirme en control desde el primer día,28,sintetico_bajo
365,0,0,0,0,0,0,0,0,0,0,0,0,0,0,0,0,0,0,0,0,0,0,0,0,0,0,0,0,0,0,0,0,0,0,0,0.0,bajo,"Inicio tranquilo y confiado. He aprendido que el estrés excesivo no ayuda a rendir mejor, así que este semestre me propuse mantener la calma y disfrutar más el proceso de aprender.",inicio tranquilo y confiado he aprendido que el estrés excesivo no ayuda a rendir mejor así que este semestre me propuse mantener la calma y disfrutar más el proceso de aprender,31,sintetico_bajo
366,0,0,0,0,0,0,0,0,0,0,0,0,0,0,0,0,0,0,0,0,0,0,0,0,0,0,0,0,0,0,0,0,0,0,0,0.0,bajo,Comienzo este semestre con gratitud por la oportunidad de estudiar. Eso me motiva a aprovechar al máximo cada clase y cada evaluación sin angustiarme por los resultados.,comienzo este semestre con gratitud por la oportunidad de estudiar eso me motiva a aprovechar al máximo cada clase y cada evaluación sin angustiarme por los resultados,27,sintetico_bajo
367,0,0,0,0,0,0,0,0,0,0,0,0,0,0,0,0,0,0,0,0,0,0,0,0,0,0,0,0,0,0,0,0,0,0,0,0.0,bajo,Al iniciar siento que estoy exactamente donde quiero estar en mi carrera. Eso me da una paz enorme y me motiva a seguir adelante con dedicación y buen ánimo.,al iniciar siento que estoy exactamente donde quiero estar en mi carrera eso me da una paz enorme y me motiva a seguir adelante con dedicación y buen ánimo,29,sintetico_bajo
368,0,0,0,0,0,0,0,0,0,0,0,0,0,0,0,0,0,0,0,0,0,0,0,0,0,0,0,0,0,0,0,0,0,0,0,0.0,bajo,"Me siento preparado tanto académicamente como emocionalmente. He trabajado en mi organización y en mi actitud, y creo que este semestre va a ser el mejor que he tenido.",me siento preparado tanto académicamente como emocionalmente he trabajado en mi organización y en mi actitud y creo que este semestre va a ser el mejor que he tenido,29,sintetico_bajo
369,0,0,0,0,0,0,0,0,0,0,0,0,0,0,0,0,0,0,0,0,0,0,0,0,0,0,0,0,0,0,0,0,0,0,0,0.0,bajo,Inicio con mucha motivación y pocas preocupaciones. Sé que el semestre traerá retos pero los veo como oportunidades para crecer y no como amenazas a mi bienestar.,inicio con mucha motivación y pocas preocupaciones sé que el semestre traerá retos pero los veo como oportunidades para crecer y no como amenazas a mi bienestar,27,sintetico_bajo
370,0,0,0,0,0,0,0,0,0,0,0,0,0,0,0,0,0,0,0,0,0,0,0,0,0,0,0,0,0,0,0,0,0,0,0,0.0,bajo,Al comenzar me siento estable y enfocado. Tengo claro mis prioridades y sé cómo balancear el estudio con el descanso para mantener un rendimiento sostenido durante todo el semestre.,al comenzar me siento estable y enfocado tengo claro mis prioridades y sé cómo balancear el estudio con el descanso para mantener un rendimiento sostenido durante todo el semestre,29,sintetico_bajo
371,0,0,0,0,0,0,0,0,0,0,0,0,0,0,0,0,0,0,0,0,0,0,0,0,0,0,0,0,0,0,0,0,0,0,0,0.0,bajo,Este semestre inicio sin presiones innecesarias. He aprendido a ser amable conmigo mismo cuando las cosas no salen perfectas y eso hace que todo sea mucho más llevadero.,este semestre inicio sin presiones innecesarias he aprendido a ser amable conmigo mismo cuando las cosas no salen perfectas y eso hace que todo sea mucho más llevadero,28,sintetico_bajo
372,0,0,0,0,0,0,0,0,0,0,0,0,0,0,0,0,0,0,0,0,0,0,0,0,0,0,0,0,0,0,0,0,0,0,0,0.0,bajo,Empiezo con energía positiva y metas claras. Mi carrera me apasiona y cada semestre es una oportunidad de acercarme más a la persona profesional que quiero ser.,empiezo con energía positiva y metas claras mi carrera me apasiona y cada semestre es una oportunidad de acercarme más a la persona profesional que quiero ser,27,sintetico_bajo
373,0,0,0,0,0,0,0,0,0,0,0,0,0,0,0,0,0,0,0,0,0,0,0,0,0,0,0,0,0,0,0,0,0,0,0,0.0,bajo,Me siento en paz al comenzar este nuevo periodo. He construido buenos hábitos de estudio y tengo la confianza de que este semestre voy a poder cumplir con todo lo que me proponga.,me siento en paz al comenzar este nuevo periodo he construido buenos hábitos de estudio y tengo la confianza de que este semestre voy a poder cumplir con todo lo que me proponga,33,sintetico_bajo
374,0,0,0,0,0,0,0,0,0,0,0,0,0,0,0,0,0,0,0,0,0,0,0,0,0,0,0,0,0,0,0,0,0,0,0,0.0,bajo,Inicio el semestre con mucho entusiasmo. Los temas que vienen me parecen muy interesantes y eso me hace querer llegar a clase con ganas de aprender desde el primer día.,inicio el semestre con mucho entusiasmo los temas que vienen me parecen muy interesantes y eso me hace querer llegar a clase con ganas de aprender desde el primer día,30,sintetico_bajo
375,0,0,0,0,0,0,0,0,0,0,0,0,0,0,0,0,0,0,0,0,0,0,0,0,0,0,0,0,0,0,0,0,0,0,0,0.0,bajo,Al comenzar me siento con los pies en la tierra y una actitud positiva. No espero que todo sea perfecto pero sí confío en que tengo lo necesario para salir adelante bien.,al comenzar me siento con los pies en la tierra y una actitud positiva no espero que todo sea perfecto pero sí confío en que tengo lo necesario para salir adelante bien,32,sintetico_bajo
